asset_id,view,condition,resolution,vertices,mean_distance,p95_distance,max_distance,unsupported_rate_0.01,unsupported_rate_0.02,unsupported_rate_0.05
SI_1f1ec6af-193f-4969-9185-dc5dd587239d,view_000,clean,128,6964,0.22521838677572473,0.38973431784349605,0.44921552929101294,0.9994256174612292,0.9982768523836876,0.9774554853532452
SI_1f1ec6af-193f-4969-9185-dc5dd587239d,view_090,clean,128,9414,0.2347812883420721,0.35311233589282964,0.4091714603413835,0.9995751009135331,0.9981941788825154,0.9817293392819205
SI_1f1ec6af-193f-4969-9185-dc5dd587239d,view_180,clean,128,6988,0.23516010561887646,0.3804411963531287,0.43545837511893093,1.0,0.9992844876931883,0.9918431597023469
SI_1f1ec6af-193f-4969-9185-dc5dd587239d,view_270,clean,128,7306,0.2199006499718768,0.37324394499152735,0.4582225898845938,0.9995893785929373,0.9967150287434985,0.9745414727621133
SI_451bcb49-01f9-4030-9d89-6f976b64572b,view_000,clean,128,17629,0.019020441078984398,0.04249538554443408,0.07340254024033024,0.7036700890578025,0.4207272108457655,0.019683476090532646
SI_451bcb49-01f9-4030-9d89-6f976b64572b,view_090,clean,128,19530,0.02361402996594588,0.05646507880236026,0.11118978585535316,0.7498719918074757,0.5158218125960061,0.07644649257552483
SI_451bcb49-01f9-4030-9d89-6f976b64572b,view_180,clean,128,19513,0.017474503745859998,0.04257192135214187,0.06974156570475559,0.6354737867062984,0.3503305488648593,0.019832931891559474
SI_451bcb49-01f9-4030-9d89-6f976b64572b,view_270,clean,128,17342,0.01706035053299044,0.0414182501104643,0.07554465091774552,0.6359128128243571,0.33248760235266983,0.022488755622188907
SI_b1a04b98-c12f-4123-8093-af32c20ce5f3,view_000,clean,128,16097,0.04179693004104354,0.09172839620480944,0.12323460244184192,0.8701000186370131,0.7342983164564826,0.3626762750823135
SI_b1a04b98-c12f-4123-8093-af32c20ce5f3,view_090,clean,128,11017,0.02662432630795383,0.06389084263941221,0.10496076628272595,0.7736225832803849,0.5654896977398566,0.12262866479077789
SI_b1a04b98-c12f-4123-8093-af32c20ce5f3,view_180,clean,128,15127,0.021866242768592507,0.05689500202311638,0.08739288751925635,0.6842731539631123,0.43987571891320154,0.08580683545977391
SI_b1a04b98-c12f-4123-8093-af32c20ce5f3,view_270,clean,128,10788,0.03755262576367846,0.08310209897938581,0.11319724358019875,0.8694846125324435,0.7233963663329626,0.29162031887282164
SI_fc2bca6b-1f44-4d2c-a1b9-713a33ee0596,view_000,clean,128,23204,0.01173524007772515,0.05694302194208583,0.17546901343068563,0.16161006722978796,0.10118945009481124,0.05680055162902948
SI_fc2bca6b-1f44-4d2c-a1b9-713a33ee0596,view_090,clean,128,17526,0.01474391189733689,0.06166929359217706,0.17299166514326417,0.38885085016546844,0.14264521282665754,0.06133744151546274
SI_fc2bca6b-1f44-4d2c-a1b9-713a33ee0596,view_180,clean,128,22002,0.012804357091906752,0.06080966067679418,0.1724723872982413,0.22147986546677575,0.13376056722116172,0.06363057903826924
SI_fc2bca6b-1f44-4d2c-a1b9-713a33ee0596,view_270,clean,128,17709,0.01746261897145911,0.0644131219473722,0.17694612581493618,0.503190468123553,0.24061211813202327,0.0629058670732396
SI_1f1ec6af-193f-4969-9185-dc5dd587239d,view_000,jpeg_35,128,5222,0.21979926725979917,0.39757818946080037,0.4706027959579053,1.0,0.9986595174262735,0.9743393335886633
SI_1f1ec6af-193f-4969-9185-dc5dd587239d,view_090,jpeg_35,128,8582,0.23664820843100615,0.37184777118420076,0.4375933507202068,0.9994173852248893,0.9979025868096015,0.9879981356327197
SI_1f1ec6af-193f-4969-9185-dc5dd587239d,view_180,jpeg_35,128,8841,0.23340727150647206,0.34474169528431253,0.3859868459648859,0.9998868906232327,0.998642687478792,0.9847302341364099
SI_1f1ec6af-193f-4969-9185-dc5dd587239d,view_270,jpeg_35,128,4152,0.21918361583219828,0.4279523130577386,0.48100594905060073,1.0,0.9975915221579962,0.9665221579961464
SI_451bcb49-01f9-4030-9d89-6f976b64572b,view_000,jpeg_35,128,16391,0.03115328345588288,0.08375440826081582,0.11721623985050829,0.7816484656213776,0.5909950582636813,0.19779147092916843
SI_451bcb49-01f9-4030-9d89-6f976b64572b,view_090,jpeg_35,128,15333,0.0294330200217167,0.07426645621813976,0.11591593004135876,0.7905824039653035,0.5852735929041936,0.16559055631644165
SI_451bcb49-01f9-4030-9d89-6f976b64572b,view_180,jpeg_35,128,17608,0.01997272229487604,0.04813488449722919,0.08244101101373646,0.6996251703771014,0.41611767378464337,0.039981826442526125
SI_451bcb49-01f9-4030-9d89-6f976b64572b,view_270,jpeg_35,128,18114,0.01926789410811997,0.045421081319089146,0.0829186292862448,0.6824555592359501,0.4063707629457878,0.024235398034669318
SI_b1a04b98-c12f-4123-8093-af32c20ce5f3,view_000,jpeg_35,128,11514,0.027652943780674212,0.06829587800405859,0.10244967918089931,0.7770540211915928,0.5629668229980893,0.14912280701754385
SI_b1a04b98-c12f-4123-8093-af32c20ce5f3,view_090,jpeg_35,128,7895,0.030766306943294748,0.06895347148365708,0.11381984307103094,0.8233058898036733,0.6325522482583914,0.19151361621279292
SI_b1a04b98-c12f-4123-8093-af32c20ce5f3,view_180,jpeg_35,128,12695,0.02131658580487709,0.05923377173522883,0.10493171935195837,0.6747538400945254,0.40921622686096887,0.07837731390311146
SI_b1a04b98-c12f-4123-8093-af32c20ce5f3,view_270,jpeg_35,128,8898,0.025897381914416262,0.05841633708549413,0.10956152640507168,0.796695886716116,0.5661946504832547,0.09035738368172623
SI_fc2bca6b-1f44-4d2c-a1b9-713a33ee0596,view_000,jpeg_35,128,19929,0.022101607580225214,0.06518697587849064,0.1769579997565963,0.678609062170706,0.4114606854332882,0.08073661498319032
SI_fc2bca6b-1f44-4d2c-a1b9-713a33ee0596,view_090,jpeg_35,128,20980,0.020004410897359635,0.05796416786652843,0.17454617231426806,0.5466634890371783,0.34957102001906576,0.07163965681601525
SI_fc2bca6b-1f44-4d2c-a1b9-713a33ee0596,view_180,jpeg_35,128,20684,0.014126078373203017,0.06343674680239719,0.17669813305959264,0.29568748791336297,0.15470895378070007,0.06367240379036937
SI_fc2bca6b-1f44-4d2c-a1b9-713a33ee0596,view_270,jpeg_35,128,21612,0.018887448188946318,0.056501982685912826,0.17434718779301614,0.5455765315565426,0.3054784379048677,0.06658337960392374
SI_1f1ec6af-193f-4969-9185-dc5dd587239d,view_000,occlusion_30,128,11135,0.22265999807628245,0.4011741264080438,0.49281514836600615,0.9992815446789403,0.9980242478670858,0.9820386169735069
SI_1f1ec6af-193f-4969-9185-dc5dd587239d,view_090,occlusion_30,128,10925,0.25309127670923687,0.40307276086478505,0.48935236913858554,0.9998169336384439,0.9983524027459955,0.9870938215102975
SI_1f1ec6af-193f-4969-9185-dc5dd587239d,view_180,occlusion_30,128,9646,0.24371031090229292,0.41127008607505183,0.46835660568321164,0.9998963300850093,0.9985486211901307,0.9814430852166701
SI_1f1ec6af-193f-4969-9185-dc5dd587239d,view_270,occlusion_30,128,12164,0.25459040795510696,0.40808534713863376,0.531505581290915,1.0,1.0,0.9992601118053271
SI_451bcb49-01f9-4030-9d89-6f976b64572b,view_000,occlusion_30,128,15346,0.05045374459619512,0.12246768252315092,0.1643907650576652,0.8821191189886616,0.7648247100221556,0.4345106216603675
SI_451bcb49-01f9-4030-9d89-6f976b64572b,view_090,occlusion_30,128,16066,0.048438061764409006,0.12234754532299898,0.16205798280759792,0.8446408564670733,0.7115647952197187,0.41485123864060747
SI_451bcb49-01f9-4030-9d89-6f976b64572b,view_180,occlusion_30,128,14865,0.043468417417211566,0.10641513839315607,0.15798075669803624,0.834577867473932,0.6793138244197781,0.3852001345442314
SI_451bcb49-01f9-4030-9d89-6f976b64572b,view_270,occlusion_30,128,15568,0.048297880115434226,0.11500733737191138,0.16091563334722808,0.8538026721479959,0.7150565262076053,0.4317189105858171
SI_b1a04b98-c12f-4123-8093-af32c20ce5f3,view_000,occlusion_30,128,16297,0.059420762672207424,0.1253841544471503,0.17850499135740758,0.9364300177946862,0.8689329324415537,0.5664232680861508
SI_b1a04b98-c12f-4123-8093-af32c20ce5f3,view_090,occlusion_30,128,18886,0.06578337130760495,0.1261764745026158,0.1760854125226386,0.9341311024038971,0.8612729005612623,0.6370327226516996
SI_b1a04b98-c12f-4123-8093-af32c20ce5f3,view_180,occlusion_30,128,14958,0.05167834891949111,0.1215319553089033,0.1708669977230161,0.896911351784998,0.777109239203102,0.4475197218879529
SI_b1a04b98-c12f-4123-8093-af32c20ce5f3,view_270,occlusion_30,128,18874,0.06962797531632839,0.13020122200980502,0.1737446465510794,0.9350429161809897,0.8620854084984635,0.6508954116774399
SI_fc2bca6b-1f44-4d2c-a1b9-713a33ee0596,view_000,occlusion_30,128,31383,0.047279929640780045,0.11427491020923379,0.2186227168443543,0.8279960488162381,0.7085683331740114,0.40209667654462605
SI_fc2bca6b-1f44-4d2c-a1b9-713a33ee0596,view_090,occlusion_30,128,23238,0.026862176592533687,0.08662128862838239,0.176168179751402,0.6201480333935795,0.43441776400722953,0.1783716326706257
SI_fc2bca6b-1f44-4d2c-a1b9-713a33ee0596,view_180,occlusion_30,128,23184,0.030652142242495316,0.09134199193554629,0.17765845767526478,0.7086783988957902,0.5081521739130435,0.21087819185645273
SI_fc2bca6b-1f44-4d2c-a1b9-713a33ee0596,view_270,occlusion_30,128,26008,0.03481007837723975,0.08933336204820472,0.17587789373872395,0.7437711473392802,0.5896262688403568,0.27276222700707475
SI_1f1ec6af-193f-4969-9185-dc5dd587239d,view_000,clean,256,28922,0.22622290494018027,0.39128365651334435,0.44528825759208057,0.9996542424451974,0.9982712122259871,0.9773183044049513
SI_1f1ec6af-193f-4969-9185-dc5dd587239d,view_090,clean,256,38743,0.23705158889962039,0.3571452251108888,0.4076323321821816,0.999870944428671,0.9983480886869887,0.9821128978137986
SI_1f1ec6af-193f-4969-9185-dc5dd587239d,view_180,clean,256,29741,0.23462212127668727,0.38084925398701447,0.4441458507866947,1.0,0.9996973874449413,0.9887697118456004
SI_1f1ec6af-193f-4969-9185-dc5dd587239d,view_270,clean,256,30184,0.22271049362011655,0.3760525127693244,0.4588598198876835,0.9994036575669228,0.9965544659422211,0.974754836999735
SI_451bcb49-01f9-4030-9d89-6f976b64572b,view_000,clean,256,77793,0.01825004394922755,0.04155071660098438,0.0699425969999377,0.6848174000231383,0.393313023022637,0.016826706773102978
SI_451bcb49-01f9-4030-9d89-6f976b64572b,view_090,clean,256,87453,0.023005135995671614,0.0551073046847403,0.10897399563895782,0.7413239111294067,0.5017209243822396,0.07011766320194847
SI_451bcb49-01f9-4030-9d89-6f976b64572b,view_180,clean,256,85933,0.016703360515330213,0.04067691967827275,0.07108328243667239,0.6204833998580289,0.3292448768226409,0.014592764130194454
SI_451bcb49-01f9-4030-9d89-6f976b64572b,view_270,clean,256,75686,0.016406902398477793,0.0391611157762738,0.07975125753488121,0.6276590122347594,0.3150252358428243,0.016409904077372302
SI_b1a04b98-c12f-4123-8093-af32c20ce5f3,view_000,clean,256,69290,0.04177344205087471,0.09230004956518457,0.1250051465960864,0.8717275220089479,0.7328474527348824,0.36100447395006496
SI_b1a04b98-c12f-4123-8093-af32c20ce5f3,view_090,clean,256,46558,0.026479238644302756,0.06283091693715805,0.10581796966807201,0.7731216976674256,0.5658318656299669,0.12081704540573049
SI_b1a04b98-c12f-4123-8093-af32c20ce5f3,view_180,clean,256,65039,0.02198615517350335,0.0567072317287508,0.088021828460759,0.6929227079137134,0.44308799335783144,0.08533341533541414
SI_b1a04b98-c12f-4123-8093-af32c20ce5f3,view_270,clean,256,45403,0.03786710370904889,0.08513561177296808,0.11471275754095549,0.8752945840583222,0.7255467700372222,0.28909983921767285
SI_fc2bca6b-1f44-4d2c-a1b9-713a33ee0596,view_000,clean,256,98220,0.011424624107055928,0.053948774252677474,0.17604739584905638,0.15162899613113417,0.09695581347994299,0.05399104052127876
SI_fc2bca6b-1f44-4d2c-a1b9-713a33ee0596,view_090,clean,256,73288,0.014729105554490524,0.060157483093601805,0.17481766512414695,0.39336589891933194,0.14934232070734635,0.060978604955790855
SI_fc2bca6b-1f44-4d2c-a1b9-713a33ee0596,view_180,clean,256,93382,0.012478439243185072,0.058967706576683813,0.17547956806530246,0.21239639330920307,0.1251740164057313,0.060429204771797564
SI_fc2bca6b-1f44-4d2c-a1b9-713a33ee0596,view_270,clean,256,74827,0.016976295602702744,0.06235759600670499,0.17526152718233667,0.485600117604608,0.23144052280593902,0.06057973726061448
SI_1f1ec6af-193f-4969-9185-dc5dd587239d,view_000,jpeg_35,256,21537,0.2217317494421874,0.4025883033637861,0.47204644858269784,1.0,0.9986534800575754,0.9738125087059479
SI_1f1ec6af-193f-4969-9185-dc5dd587239d,view_090,jpeg_35,256,35266,0.23749835878119008,0.3751242017647402,0.43630655382997247,0.999603017070266,0.9982135768161969,0.9873816140191686
SI_1f1ec6af-193f-4969-9185-dc5dd587239d,view_180,jpeg_35,256,36960,0.2337734882506585,0.347710886418359,0.3882265803780365,1.0,0.9988636363636364,0.9861742424242425
SI_1f1ec6af-193f-4969-9185-dc5dd587239d,view_270,jpeg_35,256,17232,0.2204491843234137,0.4315531454655917,0.4789836678921601,1.0,0.9974466109563602,0.9646587743732591
SI_451bcb49-01f9-4030-9d89-6f976b64572b,view_000,jpeg_35,256,73352,0.03350459286773126,0.07668196224796207,0.1119819367523525,0.8202775657105464,0.648162285963573,0.24503762678590904
SI_451bcb49-01f9-4030-9d89-6f976b64572b,view_090,jpeg_35,256,67355,0.029591459729107268,0.07478959454099102,0.11482570022898836,0.7885383416227452,0.5834459208670477,0.17139039418009056
SI_451bcb49-01f9-4030-9d89-6f976b64572b,view_180,jpeg_35,256,77422,0.019615231565996025,0.04724637885179488,0.07929361430250953,0.6883573144584226,0.40890186251969723,0.03657875022603394
SI_451bcb49-01f9-4030-9d89-6f976b64572b,view_270,jpeg_35,256,79734,0.018485639205868674,0.043973644212041224,0.08029375305810538,0.6659768731030677,0.38440314044196955,0.018561717711390372
SI_b1a04b98-c12f-4123-8093-af32c20ce5f3,view_000,jpeg_35,256,49297,0.028023489342601144,0.06928278606629827,0.10450336374369452,0.7816905694058462,0.577438789378664,0.15256506481124613
SI_b1a04b98-c12f-4123-8093-af32c20ce5f3,view_090,jpeg_35,256,33291,0.030371830540332607,0.06822486215948824,0.09510939893338186,0.8049623021236971,0.6255444414406296,0.1953380793607882
SI_b1a04b98-c12f-4123-8093-af32c20ce5f3,view_180,jpeg_35,256,54570,0.021573180806305863,0.060898750007556644,0.1054110174931118,0.6771669415429723,0.41381711563129925,0.08138171156312993
SI_b1a04b98-c12f-4123-8093-af32c20ce5f3,view_270,jpeg_35,256,37759,0.025561851822957234,0.0581063234352242,0.11244046014122332,0.7964988479567785,0.5587806880478826,0.08607219470854631
SI_fc2bca6b-1f44-4d2c-a1b9-713a33ee0596,view_000,jpeg_35,256,85646,0.022320923200504366,0.06619660137935733,0.17957392090369145,0.6855544917450902,0.4211521845737104,0.07950166966349859
SI_fc2bca6b-1f44-4d2c-a1b9-713a33ee0596,view_090,jpeg_35,256,87742,0.019490379137353058,0.05433460807793668,0.17459850790647255,0.5435025415422489,0.33098174192518975,0.059788926625789246
SI_fc2bca6b-1f44-4d2c-a1b9-713a33ee0596,view_180,jpeg_35,256,86468,0.013914290219673359,0.06195933522346668,0.1785374491588771,0.29406254336864507,0.15154739325530833,0.0620345098764861
SI_fc2bca6b-1f44-4d2c-a1b9-713a33ee0596,view_270,jpeg_35,256,90465,0.018802619299889533,0.05399955003146522,0.17620693619933928,0.557729508649754,0.3092798319792185,0.05798927762117946
SI_1f1ec6af-193f-4969-9185-dc5dd587239d,view_000,occlusion_30,256,48240,0.22190575245847322,0.40044760011763364,0.49667409478335106,0.9996475953565506,0.9981343283582089,0.9822139303482587
SI_1f1ec6af-193f-4969-9185-dc5dd587239d,view_090,occlusion_30,256,45456,0.2532365595336589,0.4031127009116856,0.4828527179677482,0.999582013375572,0.9985700457585357,0.9869984160506864
SI_1f1ec6af-193f-4969-9185-dc5dd587239d,view_180,occlusion_30,256,39784,0.2452964292705365,0.41080359098237224,0.46803018970464183,0.9997235069374623,0.9982404986929418,0.9820028152020913
SI_1f1ec6af-193f-4969-9185-dc5dd587239d,view_270,occlusion_30,256,49830,0.2566249310925986,0.4141958100710468,0.5307114934268355,1.0,1.0,0.9967890828817981
SI_451bcb49-01f9-4030-9d89-6f976b64572b,view_000,occlusion_30,256,65581,0.05052035855634387,0.12555244768510632,0.16535835709334995,0.8787606166420152,0.7618517558439182,0.42805080739848433
SI_451bcb49-01f9-4030-9d89-6f976b64572b,view_090,occlusion_30,256,69933,0.043707224762381064,0.11119704938965203,0.15184880264911585,0.8286645789541418,0.6862854446398696,0.3657643744727096
SI_451bcb49-01f9-4030-9d89-6f976b64572b,view_180,occlusion_30,256,63098,0.04411425708705497,0.10631305880200577,0.15887857624812504,0.8332118292180418,0.6824146565659768,0.4018035436939364
SI_451bcb49-01f9-4030-9d89-6f976b64572b,view_270,occlusion_30,256,65268,0.047808073959643815,0.11212067125986457,0.1670838600427513,0.8542624256909971,0.7151743580315009,0.4312680026965741
SI_b1a04b98-c12f-4123-8093-af32c20ce5f3,view_000,occlusion_30,256,68600,0.05894159564990371,0.12618897820193606,0.16927686343085255,0.9351457725947522,0.8677842565597668,0.5539795918367347
SI_b1a04b98-c12f-4123-8093-af32c20ce5f3,view_090,occlusion_30,256,77932,0.06658638295070321,0.12721432579869504,0.17814418166997054,0.9359313247446491,0.865729097161628,0.645434481342709
SI_b1a04b98-c12f-4123-8093-af32c20ce5f3,view_180,occlusion_30,256,62322,0.05127548820699252,0.12083737162452429,0.16773904962951192,0.9017200988415006,0.7773338467956741,0.4392509868104361
SI_b1a04b98-c12f-4123-8093-af32c20ce5f3,view_270,occlusion_30,256,77844,0.06941477808988164,0.13093395424963825,0.18229329545460662,0.9351009711731154,0.8626483736704178,0.6467293561481938
SI_fc2bca6b-1f44-4d2c-a1b9-713a33ee0596,view_000,occlusion_30,256,136997,0.04854522579610805,0.11539413868186582,0.2206777840308694,0.8383687234027023,0.7227457535566473,0.4220968342372461
SI_fc2bca6b-1f44-4d2c-a1b9-713a33ee0596,view_090,occlusion_30,256,96307,0.02760619631426062,0.0886145966287813,0.17829123656976967,0.6264238321201989,0.4404248912332437,0.18700613662558277
SI_fc2bca6b-1f44-4d2c-a1b9-713a33ee0596,view_180,occlusion_30,256,96178,0.030366844570277475,0.09170086420479663,0.17666590763137183,0.7081973008380295,0.5024849757740856,0.2083948512133752
SI_fc2bca6b-1f44-4d2c-a1b9-713a33ee0596,view_270,occlusion_30,256,110311,0.03545091269092262,0.09037610988618339,0.1766900199324012,0.7487467251679343,0.5949270698298447,0.28251035708134276
SI_1f1ec6af-193f-4969-9185-dc5dd587239d,view_000,clean,512,117823,0.22639910782644782,0.39286206675352026,0.4510289982247101,0.9995926092528623,0.9981243051017203,0.9775340977568047
SI_1f1ec6af-193f-4969-9185-dc5dd587239d,view_090,clean,512,156863,0.23749263789004482,0.3571659617001649,0.4102044430639168,0.999821500290062,0.9983552526727144,0.9818121545552488
SI_1f1ec6af-193f-4969-9185-dc5dd587239d,view_180,clean,512,122140,0.2347105954756032,0.3806860356287464,0.4397759440676482,1.0,0.9997052562633044,0.9885786802030457
SI_1f1ec6af-193f-4969-9185-dc5dd587239d,view_270,clean,512,122058,0.2226567738740391,0.3769270713034705,0.4587675252376585,0.9994346949810746,0.9964852774910289,0.9747824804601092
SI_451bcb49-01f9-4030-9d89-6f976b64572b,view_000,clean,512,326521,0.01787523180938329,0.04062436215478206,0.07000150222655083,0.6767405465498391,0.3810382793143473,0.014963815497318702
SI_451bcb49-01f9-4030-9d89-6f976b64572b,view_090,clean,512,366086,0.022952842288096825,0.05487474900019145,0.10724500543050865,0.7401812688821753,0.49956294422622005,0.06957927918576509
SI_451bcb49-01f9-4030-9d89-6f976b64572b,view_180,clean,512,359672,0.016433733660016894,0.03991999803492796,0.07008350479054144,0.6158138526212772,0.32257723703819036,0.013020196178740631
SI_451bcb49-01f9-4030-9d89-6f976b64572b,view_270,clean,512,315579,0.016351983775266758,0.03908101936467621,0.08071006529594743,0.6234730447843487,0.3144949442136517,0.016949797039726978
SI_b1a04b98-c12f-4123-8093-af32c20ce5f3,view_000,clean,512,287074,0.04188658978392834,0.09159644657906955,0.12309847154263602,0.8730745382723618,0.7381441718859946,0.3642127117049959
SI_b1a04b98-c12f-4123-8093-af32c20ce5f3,view_090,clean,512,191231,0.02631623656801473,0.06222055557691386,0.10449368497686405,0.7708007592911191,0.561504149431839,0.12234940987601382
SI_b1a04b98-c12f-4123-8093-af32c20ce5f3,view_180,clean,512,269585,0.021977672731055917,0.0562512902052356,0.08785443184530979,0.6928612496986108,0.44363744273605726,0.08367305302594728
SI_b1a04b98-c12f-4123-8093-af32c20ce5f3,view_270,clean,512,186007,0.03770170174696079,0.08556544838267607,0.11742536995450442,0.8734294945889133,0.7225265715806395,0.2858010720026666
SI_fc2bca6b-1f44-4d2c-a1b9-713a33ee0596,view_000,clean,512,405857,0.01148755593679141,0.054005080867213236,0.1771602523214042,0.15530100503379268,0.09796553958660316,0.054026418171917695
SI_fc2bca6b-1f44-4d2c-a1b9-713a33ee0596,view_090,clean,512,301015,0.01475478675732636,0.059547200660512146,0.1762086235310722,0.39275119180107304,0.15411192133282395,0.060398983439363486
SI_fc2bca6b-1f44-4d2c-a1b9-713a33ee0596,view_180,clean,512,384010,0.012470019859040437,0.05861573969553289,0.17557617158955882,0.212681961407255,0.1263378557850056,0.05996458425561834
SI_fc2bca6b-1f44-4d2c-a1b9-713a33ee0596,view_270,clean,512,307904,0.017181537237275033,0.06216252206264024,0.17672528083448585,0.4918870816877988,0.2406919039700686,0.06082740074828518
SI_1f1ec6af-193f-4969-9185-dc5dd587239d,view_000,jpeg_35,512,87591,0.2217191693375294,0.40325519974760404,0.46607139653419827,1.0,0.9984244956673631,0.9742325124727427
SI_1f1ec6af-193f-4969-9185-dc5dd587239d,view_090,jpeg_35,512,142666,0.2382964928540051,0.37604656659036617,0.4368158405015659,0.9995513997728961,0.998254664741424,0.9871588184991519
SI_1f1ec6af-193f-4969-9185-dc5dd587239d,view_180,jpeg_35,512,150930,0.2340220191537553,0.34852447139614606,0.3906360561855561,1.0,0.9989266547406083,0.9852779434174783
SI_1f1ec6af-193f-4969-9185-dc5dd587239d,view_270,jpeg_35,512,70160,0.22109881738638817,0.43283331133128744,0.4780978008462877,1.0,0.9974771949828962,0.9641533637400228
SI_451bcb49-01f9-4030-9d89-6f976b64572b,view_000,jpeg_35,512,307871,0.03358626594667118,0.07540920007310321,0.1110889936782766,0.8245369001952116,0.6589902913882763,0.24149075424447253
SI_451bcb49-01f9-4030-9d89-6f976b64572b,view_090,jpeg_35,512,280873,0.029558285251216336,0.07494962739050218,0.11821973410905892,0.7937252779726068,0.5872191346266818,0.16804392020592937
SI_451bcb49-01f9-4030-9d89-6f976b64572b,view_180,jpeg_35,512,323064,0.01966418791810581,0.04814718677283459,0.08555479578639413,0.6873003491568234,0.4041335462942327,0.04089901691305747
SI_451bcb49-01f9-4030-9d89-6f976b64572b,view_270,jpeg_35,512,334354,0.018969313540880394,0.0452329088568947,0.07957442922294307,0.6800696268027301,0.39895141078019103,0.022036524163012855
SI_b1a04b98-c12f-4123-8093-af32c20ce5f3,view_000,jpeg_35,512,201849,0.02805582341544007,0.06850171577455251,0.10414096606887831,0.7800831314497471,0.5768668658254438,0.15420438050225663
SI_b1a04b98-c12f-4123-8093-af32c20ce5f3,view_090,jpeg_35,512,137224,0.030414721800145938,0.06832976169930492,0.09380421169704604,0.804356380808022,0.6262024135719699,0.19562904448201482
SI_b1a04b98-c12f-4123-8093-af32c20ce5f3,view_180,jpeg_35,512,224356,0.021596558056434585,0.060081774440664634,0.10672476235045207,0.6767815436181782,0.41439943660967393,0.08180302733156233
SI_b1a04b98-c12f-4123-8093-af32c20ce5f3,view_270,jpeg_35,512,155729,0.025674460591353112,0.05812409257243157,0.11259416387711554,0.7982649345979234,0.5630871578190317,0.08832009452317809
SI_fc2bca6b-1f44-4d2c-a1b9-713a33ee0596,view_000,jpeg_35,512,354217,0.022392209970655587,0.0666567830854277,0.1802979081226187,0.6854216483116282,0.4207759650157954,0.08222925494823795
SI_fc2bca6b-1f44-4d2c-a1b9-713a33ee0596,view_090,jpeg_35,512,358321,0.019658211790653444,0.05470822480217519,0.17565665903098823,0.5487984237597014,0.33654739744530743,0.061690495393794946
SI_fc2bca6b-1f44-4d2c-a1b9-713a33ee0596,view_180,jpeg_35,512,353942,0.013854797493941985,0.06241484258313074,0.17851084437539647,0.2983228890609196,0.14132824022014906,0.06192822552847642
SI_fc2bca6b-1f44-4d2c-a1b9-713a33ee0596,view_270,jpeg_35,512,370309,0.018682346173349632,0.053128763863383346,0.17601712295799757,0.5563299838783287,0.30613622677277624,0.05715497057862488
SI_1f1ec6af-193f-4969-9185-dc5dd587239d,view_000,occlusion_30,512,202867,0.22112254745866766,0.3996263130746895,0.4941932698364064,0.9997584624409096,0.9980726288652171,0.9821557966549512
SI_1f1ec6af-193f-4969-9185-dc5dd587239d,view_090,occlusion_30,512,186662,0.2524139823901983,0.4032675401944092,0.4786490160728444,0.999748207990914,0.9985321061597968,0.9855889254374216
SI_1f1ec6af-193f-4969-9185-dc5dd587239d,view_180,occlusion_30,512,162007,0.24580620369041356,0.41256818046542004,0.4681924774394029,0.9997469245156073,0.9981482281629807,0.9818773262883702
SI_1f1ec6af-193f-4969-9185-dc5dd587239d,view_270,occlusion_30,512,202097,0.25735740940339863,0.4219481834742758,0.5366190953871184,1.0,1.0,0.9987580221378843
SI_451bcb49-01f9-4030-9d89-6f976b64572b,view_000,occlusion_30,512,270358,0.050821662938991236,0.12534594289444964,0.16498659070168697,0.8825705176099838,0.7658142167052575,0.4322712847409731
SI_451bcb49-01f9-4030-9d89-6f976b64572b,view_090,occlusion_30,512,289551,0.04808895029114841,0.12012617931162342,0.16030558807559162,0.8396620975234069,0.7089908168163812,0.4123073310055914
SI_451bcb49-01f9-4030-9d89-6f976b64572b,view_180,occlusion_30,512,259731,0.04442815783081253,0.1075717673049226,0.1598890898197554,0.8365616734236575,0.6856593937573875,0.40062603231805216
SI_451bcb49-01f9-4030-9d89-6f976b64572b,view_270,occlusion_30,512,267066,0.04766065470111698,0.11127946221120733,0.16727834146073653,0.8528528528528528,0.7148345352834131,0.4298787565620483
SI_b1a04b98-c12f-4123-8093-af32c20ce5f3,view_000,occlusion_30,512,281900,0.05854384977321475,0.12580455418132427,0.1706271163041339,0.9341184817311103,0.8631536005675772,0.5475700603050727
SI_b1a04b98-c12f-4123-8093-af32c20ce5f3,view_090,occlusion_30,512,316587,0.06658906982092092,0.12827598018304892,0.18236451694830547,0.9347604292027152,0.8647196505226051,0.6463594525359537
SI_b1a04b98-c12f-4123-8093-af32c20ce5f3,view_180,occlusion_30,512,256197,0.05126339235032241,0.12130080592726306,0.1669782965468029,0.8992142765137765,0.7737834557001058,0.43916985757054144
SI_b1a04b98-c12f-4123-8093-af32c20ce5f3,view_270,occlusion_30,512,314198,0.06996853850170345,0.13156452277851538,0.1785408558732076,0.9353942418474974,0.8641461753416635,0.6555675083864315
SI_fc2bca6b-1f44-4d2c-a1b9-713a33ee0596,view_000,occlusion_30,512,573862,0.04924133760494983,0.11723965256213453,0.22104846260937253,0.8422303620034085,0.7267025870331194,0.4367426315037413
SI_fc2bca6b-1f44-4d2c-a1b9-713a33ee0596,view_090,occlusion_30,512,394983,0.027952817243077396,0.09022872176592779,0.1783736054918863,0.6264699999746824,0.4409354326641906,0.19155001607664127
SI_fc2bca6b-1f44-4d2c-a1b9-713a33ee0596,view_180,occlusion_30,512,392956,0.030435545057180893,0.09215817832587625,0.17793030299082735,0.7083108541414306,0.5018042732519672,0.20788078054540457
SI_fc2bca6b-1f44-4d2c-a1b9-713a33ee0596,view_270,occlusion_30,512,453591,0.035799114170206314,0.09128439682108949,0.17780647736917182,0.7526427993500753,0.5977323183220126,0.28711548509560375
