asset_id,view,condition,resolution,vertices,faces,components,watertight,surface_area,volume_abs
SI_1f1ec6af-193f-4969-9185-dc5dd587239d,view_000,clean,128,6964,13952,2,1,0.66011398699048,0.007725215242078972
SI_1f1ec6af-193f-4969-9185-dc5dd587239d,view_090,clean,128,9414,18848,1,1,0.8324242712697155,0.008561245342928259
SI_1f1ec6af-193f-4969-9185-dc5dd587239d,view_180,clean,128,6988,13988,1,1,0.8088122422286118,0.010916524259815904
SI_1f1ec6af-193f-4969-9185-dc5dd587239d,view_270,clean,128,7306,14668,1,1,0.6585524275548758,0.005930129898637365
SI_451bcb49-01f9-4030-9d89-6f976b64572b,view_000,clean,128,17629,35254,3,1,1.1357800293372085,0.06562920928647814
SI_451bcb49-01f9-4030-9d89-6f976b64572b,view_090,clean,128,19530,39044,8,1,1.1200692902268237,0.06802952846340914
SI_451bcb49-01f9-4030-9d89-6f976b64572b,view_180,clean,128,19513,38994,12,1,1.1327597837798702,0.06344273125302034
SI_451bcb49-01f9-4030-9d89-6f976b64572b,view_270,clean,128,17342,34664,5,1,1.0909079875375287,0.06406395141881407
SI_b1a04b98-c12f-4123-8093-af32c20ce5f3,view_000,clean,128,16097,32190,2,1,1.0189799014456782,0.055931970342014914
SI_b1a04b98-c12f-4123-8093-af32c20ce5f3,view_090,clean,128,11017,22026,2,1,0.7834389265302095,0.0381650458930054
SI_b1a04b98-c12f-4123-8093-af32c20ce5f3,view_180,clean,128,15127,30262,3,1,0.9207262638788658,0.04571529153768489
SI_b1a04b98-c12f-4123-8093-af32c20ce5f3,view_270,clean,128,10788,21572,1,1,0.8008843234816135,0.04144561973732116
SI_fc2bca6b-1f44-4d2c-a1b9-713a33ee0596,view_000,clean,128,23204,46400,2,1,1.212374478540237,0.09724267058940533
SI_fc2bca6b-1f44-4d2c-a1b9-713a33ee0596,view_090,clean,128,17526,35048,1,1,1.1193085976360655,0.09039069576210938
SI_fc2bca6b-1f44-4d2c-a1b9-713a33ee0596,view_180,clean,128,22002,43992,3,1,1.1826915766786104,0.09658555872622898
SI_fc2bca6b-1f44-4d2c-a1b9-713a33ee0596,view_270,clean,128,17709,35410,2,1,1.1034443189874905,0.08625529103442868
SI_1f1ec6af-193f-4969-9185-dc5dd587239d,view_000,blur_low,128,3132,6260,1,1,0.43085510010279426,0.009481344878069784
SI_1f1ec6af-193f-4969-9185-dc5dd587239d,view_090,blur_low,128,6928,13852,1,1,0.6864753691736463,0.011279192882556242
SI_1f1ec6af-193f-4969-9185-dc5dd587239d,view_180,blur_low,128,3340,6672,2,1,0.36489032861053916,0.007621805296285348
SI_1f1ec6af-193f-4969-9185-dc5dd587239d,view_270,blur_low,128,3964,7924,1,1,0.42435976097835926,0.010072530280043488
SI_451bcb49-01f9-4030-9d89-6f976b64572b,view_000,blur_low,128,11554,23108,1,1,0.9266470979498741,0.042461672053444775
SI_451bcb49-01f9-4030-9d89-6f976b64572b,view_090,blur_low,128,11203,22402,2,1,0.8972782514113982,0.0470271789254777
SI_451bcb49-01f9-4030-9d89-6f976b64572b,view_180,blur_low,128,10940,21880,1,1,0.9036877173030711,0.05164237808404184
SI_451bcb49-01f9-4030-9d89-6f976b64572b,view_270,blur_low,128,13970,27924,4,1,0.998604329336814,0.060683974776831594
SI_b1a04b98-c12f-4123-8093-af32c20ce5f3,view_000,blur_low,128,9014,18024,1,1,0.6845898695697142,0.01078286656413075
SI_b1a04b98-c12f-4123-8093-af32c20ce5f3,view_090,blur_low,128,9038,18072,1,1,0.7070750455453005,0.03687288059071384
SI_b1a04b98-c12f-4123-8093-af32c20ce5f3,view_180,blur_low,128,8392,16780,1,1,0.6789935946636988,0.009126929138352427
SI_b1a04b98-c12f-4123-8093-af32c20ce5f3,view_270,blur_low,128,9392,18780,1,1,0.7615298334850853,0.03952391388518917
SI_fc2bca6b-1f44-4d2c-a1b9-713a33ee0596,view_000,blur_low,128,14630,29256,1,1,1.0697971344710409,0.06717076358591799
SI_fc2bca6b-1f44-4d2c-a1b9-713a33ee0596,view_090,blur_low,128,14936,29868,1,1,1.054053436660624,0.08137343014065353
SI_fc2bca6b-1f44-4d2c-a1b9-713a33ee0596,view_180,blur_low,128,16944,33884,1,1,1.095667600775771,0.08818133930698185
SI_fc2bca6b-1f44-4d2c-a1b9-713a33ee0596,view_270,blur_low,128,12974,25944,1,1,1.0811887403459473,0.07999926711490592
SI_1f1ec6af-193f-4969-9185-dc5dd587239d,view_000,blur_high,128,3212,6420,1,1,0.38950571014659763,0.009478275859908469
SI_1f1ec6af-193f-4969-9185-dc5dd587239d,view_090,blur_high,128,6318,12620,4,1,0.6837177599858397,0.017372066930211677
SI_1f1ec6af-193f-4969-9185-dc5dd587239d,view_180,blur_high,128,2762,5512,3,1,0.33279386273580114,0.00598955877539193
SI_1f1ec6af-193f-4969-9185-dc5dd587239d,view_270,blur_high,128,3274,6544,1,1,0.41758466542906214,0.00898380399831387
SI_451bcb49-01f9-4030-9d89-6f976b64572b,view_000,blur_high,128,7374,14744,1,1,0.7399983377782064,0.027057948693994267
SI_451bcb49-01f9-4030-9d89-6f976b64572b,view_090,blur_high,128,7670,15336,1,1,0.7149076660179677,0.02344543643761848
SI_451bcb49-01f9-4030-9d89-6f976b64572b,view_180,blur_high,128,6838,13672,1,1,0.6797277551486898,0.021628720723871894
SI_451bcb49-01f9-4030-9d89-6f976b64572b,view_270,blur_high,128,7358,14712,1,1,0.721875873677734,0.026959014154172744
SI_b1a04b98-c12f-4123-8093-af32c20ce5f3,view_000,blur_high,128,8002,16000,1,1,0.6996894637957476,0.013741986021946965
SI_b1a04b98-c12f-4123-8093-af32c20ce5f3,view_090,blur_high,128,8424,16840,2,1,0.7076723265861272,0.01706568793303998
SI_b1a04b98-c12f-4123-8093-af32c20ce5f3,view_180,blur_high,128,7814,15624,1,1,0.7013205577705961,0.01275044548750425
SI_b1a04b98-c12f-4123-8093-af32c20ce5f3,view_270,blur_high,128,8288,16564,3,1,0.7445974386729974,0.018386143483234158
SI_fc2bca6b-1f44-4d2c-a1b9-713a33ee0596,view_000,blur_high,128,12436,24868,1,1,1.05363921882806,0.04062115137927587
SI_fc2bca6b-1f44-4d2c-a1b9-713a33ee0596,view_090,blur_high,128,11214,22424,1,1,0.95952776880688,0.045522059653117196
SI_fc2bca6b-1f44-4d2c-a1b9-713a33ee0596,view_180,blur_high,128,11960,23916,1,1,1.0254476776670798,0.04441607213165815
SI_fc2bca6b-1f44-4d2c-a1b9-713a33ee0596,view_270,blur_high,128,11616,23228,1,1,0.9690848940285642,0.050507968154181515
SI_1f1ec6af-193f-4969-9185-dc5dd587239d,view_000,jpeg_70,128,5486,10968,1,1,0.6385563655824662,0.011816349781293067
SI_1f1ec6af-193f-4969-9185-dc5dd587239d,view_090,jpeg_70,128,9986,19976,1,1,0.7908251506692876,0.01196284248148072
SI_1f1ec6af-193f-4969-9185-dc5dd587239d,view_180,jpeg_70,128,7087,14210,2,1,0.7496157386900819,0.009558170671396473
SI_1f1ec6af-193f-4969-9185-dc5dd587239d,view_270,jpeg_70,128,5062,10136,1,1,0.5162825918655671,0.0056670618703137735
SI_451bcb49-01f9-4030-9d89-6f976b64572b,view_000,jpeg_70,128,15887,31774,1,1,1.0802430983634614,0.06629448447179435
SI_451bcb49-01f9-4030-9d89-6f976b64572b,view_090,jpeg_70,128,16210,32408,4,1,1.0907161812465214,0.06251866299222168
SI_451bcb49-01f9-4030-9d89-6f976b64572b,view_180,jpeg_70,128,18036,36048,8,1,1.1348917146694113,0.06496935808370792
SI_451bcb49-01f9-4030-9d89-6f976b64572b,view_270,jpeg_70,128,17853,35698,2,1,1.0610070549037742,0.061399317266836555
SI_b1a04b98-c12f-4123-8093-af32c20ce5f3,view_000,jpeg_70,128,12584,25168,1,1,0.820143314995085,0.03281124236112178
SI_b1a04b98-c12f-4123-8093-af32c20ce5f3,view_090,jpeg_70,128,8967,17922,3,1,0.7544550304747162,0.03676946346577382
SI_b1a04b98-c12f-4123-8093-af32c20ce5f3,view_180,jpeg_70,128,11054,22104,1,1,0.7432951303724848,0.021818106359319706
SI_b1a04b98-c12f-4123-8093-af32c20ce5f3,view_270,jpeg_70,128,9164,18324,1,1,0.7480196858688489,0.036731283075261
SI_fc2bca6b-1f44-4d2c-a1b9-713a33ee0596,view_000,jpeg_70,128,21294,42576,4,1,1.270837489469065,0.10367494408577582
SI_fc2bca6b-1f44-4d2c-a1b9-713a33ee0596,view_090,jpeg_70,128,21722,43440,1,1,1.0891215564237544,0.08639270148584312
SI_fc2bca6b-1f44-4d2c-a1b9-713a33ee0596,view_180,jpeg_70,128,21076,42148,1,1,1.1793746385905413,0.09663816945587257
SI_fc2bca6b-1f44-4d2c-a1b9-713a33ee0596,view_270,jpeg_70,128,21854,43704,1,1,1.08368082396394,0.08402541945406901
SI_1f1ec6af-193f-4969-9185-dc5dd587239d,view_000,jpeg_35,128,5222,10448,1,1,0.5596468395398405,0.00716047600685257
SI_1f1ec6af-193f-4969-9185-dc5dd587239d,view_090,jpeg_35,128,8582,17160,1,1,0.7700629882969197,0.013544880674197011
SI_1f1ec6af-193f-4969-9185-dc5dd587239d,view_180,jpeg_35,128,8841,17710,2,1,0.8175440680729027,0.009396831491685676
SI_1f1ec6af-193f-4969-9185-dc5dd587239d,view_270,jpeg_35,128,4152,8300,1,1,0.4254525771891589,0.006435723700846691
SI_451bcb49-01f9-4030-9d89-6f976b64572b,view_000,jpeg_35,128,16391,32762,14,1,1.1496288616360273,0.03596497256321803
SI_451bcb49-01f9-4030-9d89-6f976b64572b,view_090,jpeg_35,128,15333,30638,11,1,1.0792867277661184,0.05498384125641464
SI_451bcb49-01f9-4030-9d89-6f976b64572b,view_180,jpeg_35,128,17608,35198,10,0,1.186525605998859,
SI_451bcb49-01f9-4030-9d89-6f976b64572b,view_270,jpeg_35,128,18114,36200,8,1,1.1539386785426797,0.06421348017950106
SI_b1a04b98-c12f-4123-8093-af32c20ce5f3,view_000,jpeg_35,128,11514,23020,2,1,0.7868785910230934,0.022082107135741467
SI_b1a04b98-c12f-4123-8093-af32c20ce5f3,view_090,jpeg_35,128,7895,15786,1,1,0.7614195215639976,0.03727632703168727
SI_b1a04b98-c12f-4123-8093-af32c20ce5f3,view_180,jpeg_35,128,12695,25382,3,1,0.8013562264683395,0.02607107641268618
SI_b1a04b98-c12f-4123-8093-af32c20ce5f3,view_270,jpeg_35,128,8898,17788,2,1,0.7317104790158079,0.03502722552241926
SI_fc2bca6b-1f44-4d2c-a1b9-713a33ee0596,view_000,jpeg_35,128,19929,39838,5,1,1.307433426078061,0.10318225186721726
SI_fc2bca6b-1f44-4d2c-a1b9-713a33ee0596,view_090,jpeg_35,128,20980,41956,1,1,1.0762863637431512,0.08314135238671755
SI_fc2bca6b-1f44-4d2c-a1b9-713a33ee0596,view_180,jpeg_35,128,20684,41360,2,1,1.1718721987216598,0.09725688212618577
SI_fc2bca6b-1f44-4d2c-a1b9-713a33ee0596,view_270,jpeg_35,128,21612,43220,1,1,1.0905635326211334,0.08485224574412842
SI_1f1ec6af-193f-4969-9185-dc5dd587239d,view_000,occlusion_15,128,8954,17880,10,1,0.765743889093053,0.014450452161207529
SI_1f1ec6af-193f-4969-9185-dc5dd587239d,view_090,occlusion_15,128,10461,20914,2,1,0.8726414530754829,0.029870764629771594
SI_1f1ec6af-193f-4969-9185-dc5dd587239d,view_180,occlusion_15,128,8852,17712,1,1,0.7628786879065154,0.013774141101787806
SI_1f1ec6af-193f-4969-9185-dc5dd587239d,view_270,occlusion_15,128,9809,19606,3,1,0.8115688211959089,0.02909615020178859
SI_451bcb49-01f9-4030-9d89-6f976b64572b,view_000,occlusion_15,128,14837,29670,3,1,1.1150529809079794,0.04920292626302831
SI_451bcb49-01f9-4030-9d89-6f976b64572b,view_090,occlusion_15,128,13570,27116,6,1,1.0170426354810755,0.044171033594096624
SI_451bcb49-01f9-4030-9d89-6f976b64572b,view_180,occlusion_15,128,12762,25516,4,1,1.0576121706267125,0.04356612599375636
SI_451bcb49-01f9-4030-9d89-6f976b64572b,view_270,occlusion_15,128,13882,27752,3,1,1.104804217892846,0.04960140372491408
SI_b1a04b98-c12f-4123-8093-af32c20ce5f3,view_000,occlusion_15,128,17845,35682,4,1,1.3557340472132215,0.06513298312809507
SI_b1a04b98-c12f-4123-8093-af32c20ce5f3,view_090,occlusion_15,128,14759,29510,2,1,1.0214100623838194,0.04283539654780024
SI_b1a04b98-c12f-4123-8093-af32c20ce5f3,view_180,occlusion_15,128,15976,31944,2,1,1.2639270976100694,0.059098737841454675
SI_b1a04b98-c12f-4123-8093-af32c20ce5f3,view_270,occlusion_15,128,15272,30536,2,1,1.067423436123704,0.04365643114670359
SI_fc2bca6b-1f44-4d2c-a1b9-713a33ee0596,view_000,occlusion_15,128,27067,53958,50,1,1.6307079112376008,0.07043366619935677
SI_fc2bca6b-1f44-4d2c-a1b9-713a33ee0596,view_090,occlusion_15,128,19477,38938,4,1,1.1420687883676701,0.07542530083773742
SI_fc2bca6b-1f44-4d2c-a1b9-713a33ee0596,view_180,occlusion_15,128,20454,40900,2,1,1.2484371786850088,0.07848674047395404
SI_fc2bca6b-1f44-4d2c-a1b9-713a33ee0596,view_270,occlusion_15,128,20727,41438,5,1,1.240157830321274,0.07771970969696795
SI_1f1ec6af-193f-4969-9185-dc5dd587239d,view_000,occlusion_30,128,11135,22294,11,1,0.9769243956460496,0.01968394116172925
SI_1f1ec6af-193f-4969-9185-dc5dd587239d,view_090,occlusion_30,128,10925,21842,2,1,0.9363628258376901,0.03650099699890339
SI_1f1ec6af-193f-4969-9185-dc5dd587239d,view_180,occlusion_30,128,9646,19288,1,1,0.85276419313148,0.014851124885095346
SI_1f1ec6af-193f-4969-9185-dc5dd587239d,view_270,occlusion_30,128,12164,24324,1,1,0.9744096776938463,0.04541010568800893
SI_451bcb49-01f9-4030-9d89-6f976b64572b,view_000,occlusion_30,128,15346,30692,2,1,1.250359369037934,0.06804248091114999
SI_451bcb49-01f9-4030-9d89-6f976b64572b,view_090,occlusion_30,128,16066,32128,6,1,1.3225544065915793,0.07094757319692464
SI_451bcb49-01f9-4030-9d89-6f976b64572b,view_180,occlusion_30,128,14865,29726,4,1,1.2568694564872778,0.06889792032128295
SI_451bcb49-01f9-4030-9d89-6f976b64572b,view_270,occlusion_30,128,15568,31132,2,1,1.2904790036131835,0.07642086460417773
SI_b1a04b98-c12f-4123-8093-af32c20ce5f3,view_000,occlusion_30,128,16297,32582,5,1,1.3630306865203168,0.08565217587654544
SI_b1a04b98-c12f-4123-8093-af32c20ce5f3,view_090,occlusion_30,128,18886,37760,3,1,1.4419298394630826,0.08368942090055698
SI_b1a04b98-c12f-4123-8093-af32c20ce5f3,view_180,occlusion_30,128,14958,29920,1,1,1.2557993517990267,0.07455910261944214
SI_b1a04b98-c12f-4123-8093-af32c20ce5f3,view_270,occlusion_30,128,18874,37736,3,1,1.4350432173308474,0.08467620709805568
SI_fc2bca6b-1f44-4d2c-a1b9-713a33ee0596,view_000,occlusion_30,128,31383,62670,40,1,1.9482362836279148,0.09597210021847251
SI_fc2bca6b-1f44-4d2c-a1b9-713a33ee0596,view_090,occlusion_30,128,23238,46472,1,1,1.4769325072715884,0.11647554386648094
SI_fc2bca6b-1f44-4d2c-a1b9-713a33ee0596,view_180,occlusion_30,128,23184,46368,2,1,1.4970582572508617,0.10619840757829345
SI_fc2bca6b-1f44-4d2c-a1b9-713a33ee0596,view_270,occlusion_30,128,26008,52008,9,1,1.6054035623798806,0.11174844827097759
SI_1f1ec6af-193f-4969-9185-dc5dd587239d,view_000,clean,192,16304,32632,1,1,0.6699304067913654,0.007223897511771014
SI_1f1ec6af-193f-4969-9185-dc5dd587239d,view_090,clean,192,21756,43524,1,1,0.8437269343887149,0.008094570388593202
SI_1f1ec6af-193f-4969-9185-dc5dd587239d,view_180,clean,192,16840,33700,3,1,0.8259505770392622,0.010145684416643229
SI_1f1ec6af-193f-4969-9185-dc5dd587239d,view_270,clean,192,16930,33880,1,1,0.6586884919464132,0.005451961342648031
SI_451bcb49-01f9-4030-9d89-6f976b64572b,view_000,clean,192,45155,90194,45,1,1.216276781067863,0.06280989624351271
SI_451bcb49-01f9-4030-9d89-6f976b64572b,view_090,clean,192,50590,101052,48,1,1.2371097220524043,0.06727075884610202
SI_451bcb49-01f9-4030-9d89-6f976b64572b,view_180,clean,192,49840,99516,57,1,1.205226526445531,0.060022880063650454
SI_451bcb49-01f9-4030-9d89-6f976b64572b,view_270,clean,192,43913,87682,40,1,1.1645231197211403,0.06190182504383091
SI_b1a04b98-c12f-4123-8093-af32c20ce5f3,view_000,clean,192,40003,79902,36,0,1.0853639355302214,
SI_b1a04b98-c12f-4123-8093-af32c20ce5f3,view_090,clean,192,26545,53110,3,1,0.8208786586866976,0.0379262712387029
SI_b1a04b98-c12f-4123-8093-af32c20ce5f3,view_180,clean,192,37430,74740,40,0,0.9755024322425214,
SI_b1a04b98-c12f-4123-8093-af32c20ce5f3,view_270,clean,192,25874,51736,7,1,0.8422790370346884,0.041774240513775235
SI_fc2bca6b-1f44-4d2c-a1b9-713a33ee0596,view_000,clean,192,56048,111948,42,1,1.259344228734143,0.09736410783216842
SI_fc2bca6b-1f44-4d2c-a1b9-713a33ee0596,view_090,clean,192,41709,83288,33,0,1.1448075206298813,
SI_fc2bca6b-1f44-4d2c-a1b9-713a33ee0596,view_180,clean,192,53125,106238,10,1,1.2333916135813596,0.09639631088696393
SI_fc2bca6b-1f44-4d2c-a1b9-713a33ee0596,view_270,clean,192,42438,84804,21,1,1.1476039855276603,0.08682109283750604
SI_1f1ec6af-193f-4969-9185-dc5dd587239d,view_000,blur_low,192,7382,14760,1,1,0.43152611246768324,0.009282387837510606
SI_1f1ec6af-193f-4969-9185-dc5dd587239d,view_090,blur_low,192,15911,31816,2,0,0.6845410343082878,
SI_1f1ec6af-193f-4969-9185-dc5dd587239d,view_180,blur_low,192,7922,15840,2,1,0.37272837099657297,0.007434513741779332
SI_1f1ec6af-193f-4969-9185-dc5dd587239d,view_270,blur_low,192,9108,18212,1,1,0.42101842824400143,0.009796781580818911
SI_451bcb49-01f9-4030-9d89-6f976b64572b,view_000,blur_low,192,28106,56192,10,1,0.9734102804222381,0.041851566881275254
SI_451bcb49-01f9-4030-9d89-6f976b64572b,view_090,blur_low,192,27163,54330,3,1,0.9455850448573027,0.046703774343179884
SI_451bcb49-01f9-4030-9d89-6f976b64572b,view_180,blur_low,192,27100,54180,6,1,0.94774953012425,0.05021420629663768
SI_451bcb49-01f9-4030-9d89-6f976b64572b,view_270,blur_low,192,33930,67824,10,1,1.0380046827935976,0.058595180605232666
SI_b1a04b98-c12f-4123-8093-af32c20ce5f3,view_000,blur_low,192,21294,42584,1,1,0.6918585555757287,0.010501265849341987
SI_b1a04b98-c12f-4123-8093-af32c20ce5f3,view_090,blur_low,192,20860,41716,1,1,0.7156887445549118,0.03650160445443095
SI_b1a04b98-c12f-4123-8093-af32c20ce5f3,view_180,blur_low,192,19734,39464,1,1,0.6741249251134337,0.00857614768617417
SI_b1a04b98-c12f-4123-8093-af32c20ce5f3,view_270,blur_low,192,22134,44264,1,1,0.7817823002253744,0.03935894212820359
SI_fc2bca6b-1f44-4d2c-a1b9-713a33ee0596,view_000,blur_low,192,34132,68252,3,1,1.0834812591718628,0.06676598010385369
SI_fc2bca6b-1f44-4d2c-a1b9-713a33ee0596,view_090,blur_low,192,34412,68820,1,1,1.0624233607153832,0.08131317557984656
SI_fc2bca6b-1f44-4d2c-a1b9-713a33ee0596,view_180,blur_low,192,39012,78020,1,1,1.102787152691371,0.08740443543538749
SI_fc2bca6b-1f44-4d2c-a1b9-713a33ee0596,view_270,blur_low,192,30150,60296,1,1,1.0890248206720952,0.07940394804962592
SI_1f1ec6af-193f-4969-9185-dc5dd587239d,view_000,blur_high,192,7326,14648,1,1,0.3872736471311696,0.009283821958596969
SI_1f1ec6af-193f-4969-9185-dc5dd587239d,view_090,blur_high,192,14410,28812,2,1,0.6899743843551287,0.017201497204910102
SI_1f1ec6af-193f-4969-9185-dc5dd587239d,view_180,blur_high,192,6324,12640,2,1,0.3330864576505883,0.005843566033429536
SI_1f1ec6af-193f-4969-9185-dc5dd587239d,view_270,blur_high,192,7538,15072,1,1,0.41927236190652195,0.008838285844121373
SI_451bcb49-01f9-4030-9d89-6f976b64572b,view_000,blur_high,192,16886,33768,1,1,0.7409842238051205,0.026643743560911825
SI_451bcb49-01f9-4030-9d89-6f976b64572b,view_090,blur_high,192,17660,35316,1,1,0.7206917347702031,0.02327551144108383
SI_451bcb49-01f9-4030-9d89-6f976b64572b,view_180,blur_high,192,15690,31376,1,1,0.6835247148324505,0.02140353379022399
SI_451bcb49-01f9-4030-9d89-6f976b64572b,view_270,blur_high,192,16974,33944,1,1,0.7291966425001636,0.026809698307292237
SI_b1a04b98-c12f-4123-8093-af32c20ce5f3,view_000,blur_high,192,18438,36872,1,1,0.6960570878636037,0.013221259436370793
SI_b1a04b98-c12f-4123-8093-af32c20ce5f3,view_090,blur_high,192,19384,38760,2,1,0.7169466565749751,0.016947003538472134
SI_b1a04b98-c12f-4123-8093-af32c20ce5f3,view_180,blur_high,192,17866,35728,1,1,0.6996778688702036,0.012273369661122635
SI_b1a04b98-c12f-4123-8093-af32c20ce5f3,view_270,blur_high,192,19312,38612,3,1,0.7558355415303284,0.01818870075163926
SI_fc2bca6b-1f44-4d2c-a1b9-713a33ee0596,view_000,blur_high,192,28621,57244,1,0,1.0531539766686724,
SI_fc2bca6b-1f44-4d2c-a1b9-713a33ee0596,view_090,blur_high,192,25672,51336,2,1,0.9669269168941975,0.04539017389034102
SI_fc2bca6b-1f44-4d2c-a1b9-713a33ee0596,view_180,blur_high,192,27472,54940,1,1,1.0292695895293624,0.043879603497727744
SI_fc2bca6b-1f44-4d2c-a1b9-713a33ee0596,view_270,blur_high,192,26705,53406,1,1,0.9684342396250902,0.0497779115460733
SI_1f1ec6af-193f-4969-9185-dc5dd587239d,view_000,jpeg_70,192,13321,26634,4,1,0.6548822618100013,0.01127659955212343
SI_1f1ec6af-193f-4969-9185-dc5dd587239d,view_090,jpeg_70,192,22908,45812,1,1,0.786505409229006,0.01141488457531682
SI_1f1ec6af-193f-4969-9185-dc5dd587239d,view_180,jpeg_70,192,16853,33746,1,1,0.7577912003916186,0.008905410249493094
SI_1f1ec6af-193f-4969-9185-dc5dd587239d,view_270,jpeg_70,192,11702,23408,1,1,0.520191688066039,0.00540305605403732
SI_451bcb49-01f9-4030-9d89-6f976b64572b,view_000,jpeg_70,192,39640,79268,8,1,1.13510377575127,0.06360719488933164
SI_451bcb49-01f9-4030-9d89-6f976b64572b,view_090,jpeg_70,192,41025,82004,31,0,1.191097620770782,
SI_451bcb49-01f9-4030-9d89-6f976b64572b,view_180,jpeg_70,192,45542,91010,29,0,1.2060134889330238,
SI_451bcb49-01f9-4030-9d89-6f976b64572b,view_270,jpeg_70,192,44640,89154,34,0,1.1300062751497308,
SI_b1a04b98-c12f-4123-8093-af32c20ce5f3,view_000,jpeg_70,192,30251,60466,13,1,0.8458307679336727,0.03250862565929509
SI_b1a04b98-c12f-4123-8093-af32c20ce5f3,view_090,jpeg_70,192,21825,43638,8,1,0.788821264579115,0.03666683434456414
SI_b1a04b98-c12f-4123-8093-af32c20ce5f3,view_180,jpeg_70,192,26112,52220,1,1,0.7598936058165094,0.021672717076220756
SI_b1a04b98-c12f-4123-8093-af32c20ce5f3,view_270,jpeg_70,192,22333,44622,13,1,0.7885980925493743,0.036686799402737745
SI_fc2bca6b-1f44-4d2c-a1b9-713a33ee0596,view_000,jpeg_70,192,51793,103462,34,1,1.3262422778867173,0.10364727265319834
SI_fc2bca6b-1f44-4d2c-a1b9-713a33ee0596,view_090,jpeg_70,192,51085,102070,28,1,1.107741489417866,0.08591897134990151
SI_fc2bca6b-1f44-4d2c-a1b9-713a33ee0596,view_180,jpeg_70,192,50254,100508,7,1,1.2181819216551655,0.09610587698436689
SI_fc2bca6b-1f44-4d2c-a1b9-713a33ee0596,view_270,jpeg_70,192,51552,103068,11,1,1.1154095542909976,0.08449772928735848
SI_1f1ec6af-193f-4969-9185-dc5dd587239d,view_000,jpeg_35,192,12154,24304,1,1,0.5650700089726126,0.00676826929193574
SI_1f1ec6af-193f-4969-9185-dc5dd587239d,view_090,jpeg_35,192,19816,39628,1,1,0.7718321137062392,0.013146745408131344
SI_1f1ec6af-193f-4969-9185-dc5dd587239d,view_180,jpeg_35,192,20986,41968,3,1,0.8444553361355936,0.008896845726432349
SI_1f1ec6af-193f-4969-9185-dc5dd587239d,view_270,jpeg_35,192,9733,19462,1,1,0.4278659436024775,0.006232877899179691
SI_451bcb49-01f9-4030-9d89-6f976b64572b,view_000,jpeg_35,192,42639,85178,56,1,1.2748080913328081,0.03490325148250345
SI_451bcb49-01f9-4030-9d89-6f976b64572b,view_090,jpeg_35,192,39011,77930,45,1,1.193557043459734,0.054985977850949996
SI_451bcb49-01f9-4030-9d89-6f976b64572b,view_180,jpeg_35,192,44764,89396,44,1,1.269994846071327,0.06274024542779648
SI_451bcb49-01f9-4030-9d89-6f976b64572b,view_270,jpeg_35,192,46318,92500,56,1,1.2330221120810754,0.06127603549159568
SI_b1a04b98-c12f-4123-8093-af32c20ce5f3,view_000,jpeg_35,192,28017,56006,10,1,0.8135580189960137,0.02173196180973847
SI_b1a04b98-c12f-4123-8093-af32c20ce5f3,view_090,jpeg_35,192,19151,38254,14,1,0.7959136184857347,0.036689230685128804
SI_b1a04b98-c12f-4123-8093-af32c20ce5f3,view_180,jpeg_35,192,31082,62104,24,1,0.8445651519685309,0.02594246443917742
SI_b1a04b98-c12f-4123-8093-af32c20ce5f3,view_270,jpeg_35,192,21834,43580,24,1,0.7742720023190233,0.03466433597344513
SI_fc2bca6b-1f44-4d2c-a1b9-713a33ee0596,view_000,jpeg_35,192,48865,97594,38,1,1.36175282620707,0.10254994628717984
SI_fc2bca6b-1f44-4d2c-a1b9-713a33ee0596,view_090,jpeg_35,192,49637,99222,16,1,1.105336595508312,0.08344194631409517
SI_fc2bca6b-1f44-4d2c-a1b9-713a33ee0596,view_180,jpeg_35,192,48929,97844,9,0,1.212987399319277,
SI_fc2bca6b-1f44-4d2c-a1b9-713a33ee0596,view_270,jpeg_35,192,51201,102346,15,1,1.113232987470418,0.08429226268764928
SI_1f1ec6af-193f-4969-9185-dc5dd587239d,view_000,occlusion_15,192,22014,44000,24,1,0.7988534377879968,0.013854660081646293
SI_1f1ec6af-193f-4969-9185-dc5dd587239d,view_090,occlusion_15,192,24610,49212,4,1,0.885497490637616,0.029608059078086432
SI_1f1ec6af-193f-4969-9185-dc5dd587239d,view_180,occlusion_15,192,20662,41324,2,1,0.7732500196681242,0.013262259100726407
SI_1f1ec6af-193f-4969-9185-dc5dd587239d,view_270,occlusion_15,192,22754,45512,2,1,0.8230463589225048,0.028751622071288313
SI_451bcb49-01f9-4030-9d89-6f976b64572b,view_000,occlusion_15,192,36511,72950,30,1,1.1882788134703344,0.04914900031794973
SI_451bcb49-01f9-4030-9d89-6f976b64572b,view_090,occlusion_15,192,34248,68418,35,0,1.0989041834047388,
SI_451bcb49-01f9-4030-9d89-6f976b64572b,view_180,occlusion_15,192,31118,62156,27,1,1.1099600129663072,0.04305833385480684
SI_451bcb49-01f9-4030-9d89-6f976b64572b,view_270,occlusion_15,192,33413,66786,11,1,1.1514832111867583,0.04945357360665483
SI_b1a04b98-c12f-4123-8093-af32c20ce5f3,view_000,occlusion_15,192,42628,85230,12,0,1.3801353819505038,
SI_b1a04b98-c12f-4123-8093-af32c20ce5f3,view_090,occlusion_15,192,34372,68732,4,1,1.0346445649517921,0.04257404111583382
SI_b1a04b98-c12f-4123-8093-af32c20ce5f3,view_180,occlusion_15,192,38526,77052,4,1,1.2944872026624217,0.05822473279403675
SI_b1a04b98-c12f-4123-8093-af32c20ce5f3,view_270,occlusion_15,192,35338,70652,7,1,1.0826397510132963,0.04326657067595968
SI_fc2bca6b-1f44-4d2c-a1b9-713a33ee0596,view_000,occlusion_15,192,70229,139846,181,1,1.8280568807100275,0.07047165612030444
SI_fc2bca6b-1f44-4d2c-a1b9-713a33ee0596,view_090,occlusion_15,192,46283,92426,35,1,1.1649908403222238,0.07526283275075303
SI_fc2bca6b-1f44-4d2c-a1b9-713a33ee0596,view_180,occlusion_15,192,48843,97622,22,1,1.2870718611508623,0.07856463581834516
SI_fc2bca6b-1f44-4d2c-a1b9-713a33ee0596,view_270,occlusion_15,192,49904,99740,24,1,1.2827513554803895,0.07756000112322832
SI_1f1ec6af-193f-4969-9185-dc5dd587239d,view_000,occlusion_30,192,27920,55824,51,1,1.0713564185197426,0.019483735273845035
SI_1f1ec6af-193f-4969-9185-dc5dd587239d,view_090,occlusion_30,192,25768,51532,5,1,0.9601029381457489,0.036122868543796434
SI_1f1ec6af-193f-4969-9185-dc5dd587239d,view_180,occlusion_30,192,22428,44852,4,1,0.8635065076535642,0.014248290335275061
SI_1f1ec6af-193f-4969-9185-dc5dd587239d,view_270,occlusion_30,192,28108,56216,4,1,0.9998162297604231,0.04583510716836109
SI_451bcb49-01f9-4030-9d89-6f976b64572b,view_000,occlusion_30,192,37359,74668,22,0,1.3034591718923492,
SI_451bcb49-01f9-4030-9d89-6f976b64572b,view_090,occlusion_30,192,40216,80390,25,0,1.386870916837041,
SI_451bcb49-01f9-4030-9d89-6f976b64572b,view_180,occlusion_30,192,36032,72028,19,1,1.3110864745481245,0.06867142107437517
SI_451bcb49-01f9-4030-9d89-6f976b64572b,view_270,occlusion_30,192,37368,74700,15,1,1.3325503802613459,0.07567088411417162
SI_b1a04b98-c12f-4123-8093-af32c20ce5f3,view_000,occlusion_30,192,38770,77484,20,1,1.4050979049605148,0.08525501118967403
SI_b1a04b98-c12f-4123-8093-af32c20ce5f3,view_090,occlusion_30,192,43875,87754,3,1,1.4604946548398208,0.08333662563557508
SI_b1a04b98-c12f-4123-8093-af32c20ce5f3,view_180,occlusion_30,192,35371,70718,11,1,1.297138115278806,0.07463107810572576
SI_b1a04b98-c12f-4123-8093-af32c20ce5f3,view_270,occlusion_30,192,43746,87476,6,1,1.4553489416914527,0.08460146701303206
SI_fc2bca6b-1f44-4d2c-a1b9-713a33ee0596,view_000,occlusion_30,192,79986,159596,154,1,2.1235908924974893,0.09571219566487987
SI_fc2bca6b-1f44-4d2c-a1b9-713a33ee0596,view_090,occlusion_30,192,54806,109516,26,1,1.521184631107669,0.11673014945074832
SI_fc2bca6b-1f44-4d2c-a1b9-713a33ee0596,view_180,occlusion_30,192,54748,109456,13,1,1.5251301734055542,0.10573135186455689
SI_fc2bca6b-1f44-4d2c-a1b9-713a33ee0596,view_270,occlusion_30,192,62805,125548,28,0,1.675931498220634,
SI_1f1ec6af-193f-4969-9185-dc5dd587239d,view_000,clean,256,28922,57860,1,1,0.6597901904962435,0.006920588393478242
SI_1f1ec6af-193f-4969-9185-dc5dd587239d,view_090,clean,256,38743,77484,1,0,0.8348079030679679,
SI_1f1ec6af-193f-4969-9185-dc5dd587239d,view_180,clean,256,29741,59514,1,1,0.8043845448313995,0.00955487703906934
SI_1f1ec6af-193f-4969-9185-dc5dd587239d,view_270,clean,256,30184,60364,1,1,0.6554420627302138,0.005266129495168134
SI_451bcb49-01f9-4030-9d89-6f976b64572b,view_000,clean,256,77793,155538,25,0,1.1959191467552077,
SI_451bcb49-01f9-4030-9d89-6f976b64572b,view_090,clean,256,87453,174806,36,1,1.206233955299551,0.06733072933815225
SI_451bcb49-01f9-4030-9d89-6f976b64572b,view_180,clean,256,85933,171766,39,1,1.1926119764070544,0.06139076678658597
SI_451bcb49-01f9-4030-9d89-6f976b64572b,view_270,clean,256,75686,151288,25,1,1.1415489870579671,0.06258649766283002
SI_b1a04b98-c12f-4123-8093-af32c20ce5f3,view_000,clean,256,69290,138560,11,1,1.066086668584804,0.055471050256548075
SI_b1a04b98-c12f-4123-8093-af32c20ce5f3,view_090,clean,256,46558,93112,3,1,0.8058568143443845,0.03780278415867012
SI_b1a04b98-c12f-4123-8093-af32c20ce5f3,view_180,clean,256,65039,130076,8,0,0.9625587646735406,
SI_b1a04b98-c12f-4123-8093-af32c20ce5f3,view_270,clean,256,45403,90804,1,0,0.8307581042514656,
SI_fc2bca6b-1f44-4d2c-a1b9-713a33ee0596,view_000,clean,256,98220,196380,20,1,1.2589509358830422,0.09794539588410515
SI_fc2bca6b-1f44-4d2c-a1b9-713a33ee0596,view_090,clean,256,73288,146556,5,1,1.140846817520446,0.09034347778525899
SI_fc2bca6b-1f44-4d2c-a1b9-713a33ee0596,view_180,clean,256,93382,186744,10,1,1.2336236285187347,0.09726707173979975
SI_fc2bca6b-1f44-4d2c-a1b9-713a33ee0596,view_270,clean,256,74827,149634,7,1,1.1422832998420631,0.08702384526769026
SI_1f1ec6af-193f-4969-9185-dc5dd587239d,view_000,blur_low,256,13082,26160,1,1,0.42746532160749856,0.009180035948367393
SI_1f1ec6af-193f-4969-9185-dc5dd587239d,view_090,blur_low,256,28480,56956,1,1,0.683657495766769,0.01070662709093575
SI_1f1ec6af-193f-4969-9185-dc5dd587239d,view_180,blur_low,256,13942,27876,2,1,0.367330397041792,0.007338682539818738
SI_1f1ec6af-193f-4969-9185-dc5dd587239d,view_270,blur_low,256,16140,32276,1,1,0.4210073327462074,0.009817597470169493
SI_451bcb49-01f9-4030-9d89-6f976b64572b,view_000,blur_low,256,49028,98056,5,1,0.9588556025219792,0.04192080595768171
SI_451bcb49-01f9-4030-9d89-6f976b64572b,view_090,blur_low,256,47466,94920,6,1,0.9297896031971628,0.046597202403463295
SI_451bcb49-01f9-4030-9d89-6f976b64572b,view_180,blur_low,256,47058,94100,6,1,0.9309258657865134,0.05039578246394708
SI_451bcb49-01f9-4030-9d89-6f976b64572b,view_270,blur_low,256,59295,118582,5,0,1.0299571720351886,
SI_b1a04b98-c12f-4123-8093-af32c20ce5f3,view_000,blur_low,256,37384,74764,1,1,0.69005464683734,0.01037079928697549
SI_b1a04b98-c12f-4123-8093-af32c20ce5f3,view_090,blur_low,256,37036,74068,1,1,0.7146921792212229,0.03670773796029706
SI_b1a04b98-c12f-4123-8093-af32c20ce5f3,view_180,blur_low,256,35426,70848,1,1,0.6742559771572405,0.008457056128220243
SI_b1a04b98-c12f-4123-8093-af32c20ce5f3,view_270,blur_low,256,38964,77920,2,1,0.7787931854059887,0.03959677496863417
SI_fc2bca6b-1f44-4d2c-a1b9-713a33ee0596,view_000,blur_low,256,60192,120380,1,1,1.0828999965573995,0.06701015845166125
SI_fc2bca6b-1f44-4d2c-a1b9-713a33ee0596,view_090,blur_low,256,60949,121896,1,0,1.0602979498117264,
SI_fc2bca6b-1f44-4d2c-a1b9-713a33ee0596,view_180,blur_low,256,69181,138360,1,0,1.1056113728306396,
SI_fc2bca6b-1f44-4d2c-a1b9-713a33ee0596,view_270,blur_low,256,53578,107152,1,1,1.0875879917742564,0.07951506955332137
SI_1f1ec6af-193f-4969-9185-dc5dd587239d,view_000,blur_high,256,13084,26164,1,1,0.3863071995401186,0.009231987132723931
SI_1f1ec6af-193f-4969-9185-dc5dd587239d,view_090,blur_high,256,25746,51484,2,1,0.68775287847199,0.017042197655694022
SI_1f1ec6af-193f-4969-9185-dc5dd587239d,view_180,blur_high,256,11184,22364,2,1,0.3322044121050779,0.005788819590179523
SI_1f1ec6af-193f-4969-9185-dc5dd587239d,view_270,blur_high,256,13378,26752,1,1,0.4193351836591872,0.008795901553676246
SI_451bcb49-01f9-4030-9d89-6f976b64572b,view_000,blur_high,256,30214,60424,1,1,0.7394353255056455,0.02658040231638359
SI_451bcb49-01f9-4030-9d89-6f976b64572b,view_090,blur_high,256,31383,62768,1,0,0.718268053433607,
SI_451bcb49-01f9-4030-9d89-6f976b64572b,view_180,blur_high,256,27984,55964,1,1,0.6847917368215043,0.021454569188582517
SI_451bcb49-01f9-4030-9d89-6f976b64572b,view_270,blur_high,256,30162,60320,1,1,0.7283535408933577,0.026849642624365302
SI_b1a04b98-c12f-4123-8093-af32c20ce5f3,view_000,blur_high,256,32746,65488,1,1,0.6961088601026296,0.013126544143632101
SI_b1a04b98-c12f-4123-8093-af32c20ce5f3,view_090,blur_high,256,34412,68816,2,1,0.7142529036298958,0.016918705612970694
SI_b1a04b98-c12f-4123-8093-af32c20ce5f3,view_180,blur_high,256,31898,63792,1,1,0.7002243525718499,0.012175869405068743
SI_b1a04b98-c12f-4123-8093-af32c20ce5f3,view_270,blur_high,256,33976,67940,3,1,0.7539534683776605,0.01818760682044408
SI_fc2bca6b-1f44-4d2c-a1b9-713a33ee0596,view_000,blur_high,256,50820,101640,1,1,1.0535136361740414,0.0398815450944974
SI_fc2bca6b-1f44-4d2c-a1b9-713a33ee0596,view_090,blur_high,256,45762,91520,1,1,0.9691796127166054,0.04545461745419766
SI_fc2bca6b-1f44-4d2c-a1b9-713a33ee0596,view_180,blur_high,256,48896,97788,1,1,1.0322688589918052,0.043907848832991696
SI_fc2bca6b-1f44-4d2c-a1b9-713a33ee0596,view_270,blur_high,256,47664,95324,1,1,0.9700243673298233,0.049811670650208605
SI_1f1ec6af-193f-4969-9185-dc5dd587239d,view_000,jpeg_70,256,23379,46762,2,1,0.642096545849599,0.010999915669670813
SI_1f1ec6af-193f-4969-9185-dc5dd587239d,view_090,jpeg_70,256,40798,81592,1,1,0.7804818839548876,0.011221691448730566
SI_1f1ec6af-193f-4969-9185-dc5dd587239d,view_180,jpeg_70,256,29702,59428,1,1,0.7454432248013627,0.008512688277866826
SI_1f1ec6af-193f-4969-9185-dc5dd587239d,view_270,jpeg_70,256,20808,41612,1,1,0.5135134995297008,0.005210372899484124
SI_451bcb49-01f9-4030-9d89-6f976b64572b,view_000,jpeg_70,256,68715,137414,6,0,1.116104644798715,
SI_451bcb49-01f9-4030-9d89-6f976b64572b,view_090,jpeg_70,256,70814,141584,21,1,1.1647389350381359,0.0622696982530155
SI_451bcb49-01f9-4030-9d89-6f976b64572b,view_180,jpeg_70,256,78744,157424,21,1,1.1914545054092087,0.06349361669544908
SI_451bcb49-01f9-4030-9d89-6f976b64572b,view_270,jpeg_70,256,77358,154640,27,1,1.104107684275359,0.059836940573345924
SI_b1a04b98-c12f-4123-8093-af32c20ce5f3,view_000,jpeg_70,256,53052,106084,6,1,0.8364871485855393,0.03253381401615573
SI_b1a04b98-c12f-4123-8093-af32c20ce5f3,view_090,jpeg_70,256,38066,76106,7,0,0.7746374776632003,
SI_b1a04b98-c12f-4123-8093-af32c20ce5f3,view_180,jpeg_70,256,45976,91948,1,1,0.7542192989061356,0.021596965574005617
SI_b1a04b98-c12f-4123-8093-af32c20ce5f3,view_270,jpeg_70,256,38981,77952,4,0,0.7771196386749915,
SI_fc2bca6b-1f44-4d2c-a1b9-713a33ee0596,view_000,jpeg_70,256,90894,181712,22,1,1.3250799864504328,0.10401718068749989
SI_fc2bca6b-1f44-4d2c-a1b9-713a33ee0596,view_090,jpeg_70,256,89926,179832,6,1,1.1063941751884903,0.0864111186773472
SI_fc2bca6b-1f44-4d2c-a1b9-713a33ee0596,view_180,jpeg_70,256,88535,177078,2,1,1.2191176565334532,0.0967800404401516
SI_fc2bca6b-1f44-4d2c-a1b9-713a33ee0596,view_270,jpeg_70,256,91305,182598,3,1,1.1142646237861875,0.08490079039724042
SI_1f1ec6af-193f-4969-9185-dc5dd587239d,view_000,jpeg_35,256,21537,43072,1,0,0.5592472887631504,
SI_1f1ec6af-193f-4969-9185-dc5dd587239d,view_090,jpeg_35,256,35266,70528,1,1,0.7678387754599466,0.01299260533909853
SI_1f1ec6af-193f-4969-9185-dc5dd587239d,view_180,jpeg_35,256,36960,73916,3,1,0.8261195131678478,0.008349515372089479
SI_1f1ec6af-193f-4969-9185-dc5dd587239d,view_270,jpeg_35,256,17232,34460,1,1,0.42562318014679107,0.006158808163829543
SI_451bcb49-01f9-4030-9d89-6f976b64572b,view_000,jpeg_35,256,73352,146612,40,0,1.2396366215409096,
SI_451bcb49-01f9-4030-9d89-6f976b64572b,view_090,jpeg_35,256,67355,134614,34,1,1.1617456748471509,0.0548094894907205
SI_451bcb49-01f9-4030-9d89-6f976b64572b,view_180,jpeg_35,256,77422,154756,31,1,1.2549931795540517,0.06367545190882533
SI_451bcb49-01f9-4030-9d89-6f976b64572b,view_270,jpeg_35,256,79734,159380,34,0,1.2080909202080712,
SI_b1a04b98-c12f-4123-8093-af32c20ce5f3,view_000,jpeg_35,256,49297,98592,4,0,0.8025330179237378,
SI_b1a04b98-c12f-4123-8093-af32c20ce5f3,view_090,jpeg_35,256,33291,66574,4,1,0.7814583994814848,0.03677626076280979
SI_b1a04b98-c12f-4123-8093-af32c20ce5f3,view_180,jpeg_35,256,54570,109100,12,1,0.8287823640154977,0.025740178709017472
SI_b1a04b98-c12f-4123-8093-af32c20ce5f3,view_270,jpeg_35,256,37759,75490,7,1,0.7606279699587634,0.03480711574049369
SI_fc2bca6b-1f44-4d2c-a1b9-713a33ee0596,view_000,jpeg_35,256,85646,171224,22,1,1.3648348089212203,0.10309029154085314
SI_fc2bca6b-1f44-4d2c-a1b9-713a33ee0596,view_090,jpeg_35,256,87742,175470,5,0,1.1018731142834977,
SI_fc2bca6b-1f44-4d2c-a1b9-713a33ee0596,view_180,jpeg_35,256,86468,172936,3,1,1.2084174388031326,0.09780499950180005
SI_fc2bca6b-1f44-4d2c-a1b9-713a33ee0596,view_270,jpeg_35,256,90465,180906,6,1,1.1129685097986977,0.08477448783178414
SI_1f1ec6af-193f-4969-9185-dc5dd587239d,view_000,occlusion_15,256,38266,76484,19,1,0.7862983868680226,0.013659950762054382
SI_1f1ec6af-193f-4969-9185-dc5dd587239d,view_090,occlusion_15,256,42929,85858,2,1,0.8845014265145739,0.029671684606795437
SI_1f1ec6af-193f-4969-9185-dc5dd587239d,view_180,occlusion_15,256,36608,73212,1,1,0.7676864630212779,0.013051238894274534
SI_1f1ec6af-193f-4969-9185-dc5dd587239d,view_270,occlusion_15,256,40194,80368,5,1,0.8171175592691788,0.02858951601355411
SI_451bcb49-01f9-4030-9d89-6f976b64572b,view_000,occlusion_15,256,63765,127482,19,1,1.1642618260260766,0.0488538493386867
SI_451bcb49-01f9-4030-9d89-6f976b64572b,view_090,occlusion_15,256,59726,119408,22,0,1.073353090459682,
SI_451bcb49-01f9-4030-9d89-6f976b64572b,view_180,occlusion_15,256,54580,109096,22,0,1.0993973680808067,
SI_451bcb49-01f9-4030-9d89-6f976b64572b,view_270,occlusion_15,256,58748,117474,6,0,1.1338871215316098,
SI_b1a04b98-c12f-4123-8093-af32c20ce5f3,view_000,occlusion_15,256,75066,150100,9,1,1.3706656907638606,0.06386043620946023
SI_b1a04b98-c12f-4123-8093-af32c20ce5f3,view_090,occlusion_15,256,60891,121766,4,1,1.0332120939602607,0.04279112238097151
SI_b1a04b98-c12f-4123-8093-af32c20ce5f3,view_180,occlusion_15,256,67667,135328,4,0,1.2852995623950942,
SI_b1a04b98-c12f-4123-8093-af32c20ce5f3,view_270,occlusion_15,256,62639,125270,3,1,1.0753758222658703,0.04308583914459219
SI_fc2bca6b-1f44-4d2c-a1b9-713a33ee0596,view_000,occlusion_15,256,119415,238438,118,1,1.7813287704598593,0.06991052264698126
SI_fc2bca6b-1f44-4d2c-a1b9-713a33ee0596,view_090,occlusion_15,256,81202,162336,18,0,1.1646986527141874,
SI_fc2bca6b-1f44-4d2c-a1b9-713a33ee0596,view_180,occlusion_15,256,85939,171838,13,1,1.2832563204032612,0.07870713176419752
SI_fc2bca6b-1f44-4d2c-a1b9-713a33ee0596,view_270,occlusion_15,256,87708,175350,19,0,1.280996127265774,
SI_1f1ec6af-193f-4969-9185-dc5dd587239d,view_000,occlusion_30,256,48240,96500,37,1,1.043290454723637,0.019083799873914325
SI_1f1ec6af-193f-4969-9185-dc5dd587239d,view_090,occlusion_30,256,45456,90914,4,0,0.9592061785624452,
SI_1f1ec6af-193f-4969-9185-dc5dd587239d,view_180,occlusion_30,256,39784,79572,1,1,0.8591236716141492,0.014069641055856725
SI_1f1ec6af-193f-4969-9185-dc5dd587239d,view_270,occlusion_30,256,49830,99662,2,0,0.9992597247658681,
SI_451bcb49-01f9-4030-9d89-6f976b64572b,view_000,occlusion_30,256,65581,131142,11,1,1.2912838538234934,0.06737535848660416
SI_451bcb49-01f9-4030-9d89-6f976b64572b,view_090,occlusion_30,256,69933,139806,26,1,1.3726878730030796,0.06957309303809278
SI_451bcb49-01f9-4030-9d89-6f976b64572b,view_180,occlusion_30,256,63098,126164,15,1,1.2971928114340254,0.0685018676423668
SI_451bcb49-01f9-4030-9d89-6f976b64572b,view_270,occlusion_30,256,65268,130524,6,1,1.3196042233842173,0.07576261080264825
SI_b1a04b98-c12f-4123-8093-af32c20ce5f3,view_000,occlusion_30,256,68600,137184,12,1,1.393525824415121,0.08489346777363228
SI_b1a04b98-c12f-4123-8093-af32c20ce5f3,view_090,occlusion_30,256,77932,155862,3,0,1.4589601109181423,
SI_b1a04b98-c12f-4123-8093-af32c20ce5f3,view_180,occlusion_30,256,62322,124632,7,1,1.286795350110219,0.0743796216199748
SI_b1a04b98-c12f-4123-8093-af32c20ce5f3,view_270,occlusion_30,256,77844,155660,8,1,1.4524181677860277,0.0846026255757787
SI_fc2bca6b-1f44-4d2c-a1b9-713a33ee0596,view_000,occlusion_30,256,136997,273732,105,0,2.090418528635965,
SI_fc2bca6b-1f44-4d2c-a1b9-713a33ee0596,view_090,occlusion_30,256,96307,192546,17,1,1.5113393944031404,0.11727485256937627
SI_fc2bca6b-1f44-4d2c-a1b9-713a33ee0596,view_180,occlusion_30,256,96178,192348,5,1,1.5232182706142678,0.10611509093116943
SI_fc2bca6b-1f44-4d2c-a1b9-713a33ee0596,view_270,occlusion_30,256,110311,220586,17,1,1.665792379295249,0.11150735756139396
SI_1f1ec6af-193f-4969-9185-dc5dd587239d,view_000,clean,320,46004,92024,1,1,0.6637747547318885,0.006779557771925457
SI_1f1ec6af-193f-4969-9185-dc5dd587239d,view_090,clean,320,61084,122168,2,1,0.8364631933500879,0.007654243371166794
SI_1f1ec6af-193f-4969-9185-dc5dd587239d,view_180,clean,320,47931,95874,8,1,0.8141371653576583,0.009393617014538657
SI_1f1ec6af-193f-4969-9185-dc5dd587239d,view_270,clean,320,47550,95096,1,1,0.6540638531966935,0.005129513477184666
SI_451bcb49-01f9-4030-9d89-6f976b64572b,view_000,clean,320,128457,256738,67,1,1.2300900953643699,0.06245346318583279
SI_451bcb49-01f9-4030-9d89-6f976b64572b,view_090,clean,320,143852,287548,65,1,1.2584199572999448,0.06708229741212823
SI_451bcb49-01f9-4030-9d89-6f976b64572b,view_180,clean,320,141433,282714,64,1,1.2258483511400728,0.060072176489145694
SI_451bcb49-01f9-4030-9d89-6f976b64572b,view_270,clean,320,123905,247680,46,0,1.1790717195323797,
SI_b1a04b98-c12f-4123-8093-af32c20ce5f3,view_000,clean,320,112865,225642,35,0,1.1027138303145103,
SI_b1a04b98-c12f-4123-8093-af32c20ce5f3,view_090,clean,320,75018,150024,11,1,0.8253268725912801,0.03783962430655003
SI_b1a04b98-c12f-4123-8093-af32c20ce5f3,view_180,clean,320,105765,211438,36,1,0.9910426114137417,0.045377746901238386
SI_b1a04b98-c12f-4123-8093-af32c20ce5f3,view_270,clean,320,72867,145722,7,1,0.8485237358750656,0.04185247553935742
SI_fc2bca6b-1f44-4d2c-a1b9-713a33ee0596,view_000,clean,320,158565,316958,54,0,1.2827210646540093,
SI_fc2bca6b-1f44-4d2c-a1b9-713a33ee0596,view_090,clean,320,117805,235430,48,0,1.1595643502917339,
SI_fc2bca6b-1f44-4d2c-a1b9-713a33ee0596,view_180,clean,320,149737,299458,15,1,1.2558992639145894,0.09711465299894477
SI_fc2bca6b-1f44-4d2c-a1b9-713a33ee0596,view_270,clean,320,120216,240344,26,1,1.1611810448268194,0.08677628810132833
SI_1f1ec6af-193f-4969-9185-dc5dd587239d,view_000,blur_low,320,20726,41448,1,1,0.4314850163005954,0.009216380766131368
SI_1f1ec6af-193f-4969-9185-dc5dd587239d,view_090,blur_low,320,44722,89440,2,0,0.6856378182486156,
SI_1f1ec6af-193f-4969-9185-dc5dd587239d,view_180,blur_low,320,22401,44800,2,0,0.3733009036411307,
SI_1f1ec6af-193f-4969-9185-dc5dd587239d,view_270,blur_low,320,25544,51084,1,1,0.4220157804728181,0.009779388871393048
SI_451bcb49-01f9-4030-9d89-6f976b64572b,view_000,blur_low,320,79080,158156,11,0,0.9806198881897793,
SI_451bcb49-01f9-4030-9d89-6f976b64572b,view_090,blur_low,320,76468,152938,8,0,0.9522658510731755,
SI_451bcb49-01f9-4030-9d89-6f976b64572b,view_180,blur_low,320,76158,152300,8,1,0.9534210878223095,0.049966047206308976
SI_451bcb49-01f9-4030-9d89-6f976b64572b,view_270,blur_low,320,95529,191046,10,1,1.051222204033866,0.05869761086889503
SI_b1a04b98-c12f-4123-8093-af32c20ce5f3,view_000,blur_low,320,59495,118988,1,0,0.6922711808820101,
SI_b1a04b98-c12f-4123-8093-af32c20ce5f3,view_090,blur_low,320,58426,116848,1,1,0.7216580862104353,0.036741390058824853
SI_b1a04b98-c12f-4123-8093-af32c20ce5f3,view_180,blur_low,320,55690,111376,1,1,0.6775057343590084,0.008432761678466969
SI_b1a04b98-c12f-4123-8093-af32c20ce5f3,view_270,blur_low,320,62006,124008,1,1,0.7904346487632345,0.0396612078394908
SI_fc2bca6b-1f44-4d2c-a1b9-713a33ee0596,view_000,blur_low,320,95449,190890,3,1,1.0916966259572833,0.06698074679946417
SI_fc2bca6b-1f44-4d2c-a1b9-713a33ee0596,view_090,blur_low,320,96315,192628,1,0,1.0656965784893448,
SI_fc2bca6b-1f44-4d2c-a1b9-713a33ee0596,view_180,blur_low,320,109187,218372,1,0,1.1115706969926966,
SI_fc2bca6b-1f44-4d2c-a1b9-713a33ee0596,view_270,blur_low,320,84694,169384,1,1,1.0959137080155712,0.0796090082926164
SI_1f1ec6af-193f-4969-9185-dc5dd587239d,view_000,blur_high,320,20580,41156,1,1,0.38693459120340973,0.009216875116117572
SI_1f1ec6af-193f-4969-9185-dc5dd587239d,view_090,blur_high,320,40300,80592,2,1,0.6879275392538557,0.016960872262312708
SI_1f1ec6af-193f-4969-9185-dc5dd587239d,view_180,blur_high,320,17722,35438,2,0,0.33301259518423576,
SI_1f1ec6af-193f-4969-9185-dc5dd587239d,view_270,blur_high,320,21062,42120,1,1,0.4202430528654063,0.008775969319176982
SI_451bcb49-01f9-4030-9d89-6f976b64572b,view_000,blur_high,320,47504,95004,1,1,0.7410959999594682,0.026500348073247
SI_451bcb49-01f9-4030-9d89-6f976b64572b,view_090,blur_high,320,49256,98508,1,1,0.7197194742985842,0.023053416658160977
SI_451bcb49-01f9-4030-9d89-6f976b64572b,view_180,blur_high,320,44002,88000,1,1,0.6857122209655503,0.021365874613054888
SI_451bcb49-01f9-4030-9d89-6f976b64572b,view_270,blur_high,320,47447,94892,1,0,0.7315831456652762,
SI_b1a04b98-c12f-4123-8093-af32c20ce5f3,view_000,blur_high,320,51422,102840,1,1,0.6963731627695056,0.013058696741003344
SI_b1a04b98-c12f-4123-8093-af32c20ce5f3,view_090,blur_high,320,54320,108632,2,1,0.7185353178870794,0.01687499493496385
SI_b1a04b98-c12f-4123-8093-af32c20ce5f3,view_180,blur_high,320,50244,100484,1,1,0.700457979000166,0.012098017291809518
SI_b1a04b98-c12f-4123-8093-af32c20ce5f3,view_270,blur_high,320,53898,107780,4,1,0.7586525379994895,0.01811608859502224
SI_fc2bca6b-1f44-4d2c-a1b9-713a33ee0596,view_000,blur_high,320,79947,159902,1,1,1.0556210368868861,0.039803396075736124
SI_fc2bca6b-1f44-4d2c-a1b9-713a33ee0596,view_090,blur_high,320,72031,144048,4,0,0.9702468065010916,
SI_fc2bca6b-1f44-4d2c-a1b9-713a33ee0596,view_180,blur_high,320,76751,153504,1,0,1.0342590861878382,
SI_fc2bca6b-1f44-4d2c-a1b9-713a33ee0596,view_270,blur_high,320,74752,149506,1,0,0.9731026537301657,
SI_1f1ec6af-193f-4969-9185-dc5dd587239d,view_000,jpeg_70,320,37635,75260,6,0,0.6562288828235552,
SI_1f1ec6af-193f-4969-9185-dc5dd587239d,view_090,jpeg_70,320,64344,128688,1,0,0.7850296342538637,
SI_1f1ec6af-193f-4969-9185-dc5dd587239d,view_180,jpeg_70,320,47408,94840,1,1,0.7524583473392152,0.008378215377461912
SI_1f1ec6af-193f-4969-9185-dc5dd587239d,view_270,jpeg_70,320,32870,65740,1,1,0.5175443768104463,0.005189731217170492
SI_451bcb49-01f9-4030-9d89-6f976b64572b,view_000,jpeg_70,320,111807,223594,12,1,1.147094777068835,0.0637012783400082
SI_451bcb49-01f9-4030-9d89-6f976b64572b,view_090,jpeg_70,320,115861,231666,38,1,1.209491238672773,0.06192354058245373
SI_451bcb49-01f9-4030-9d89-6f976b64572b,view_180,jpeg_70,320,128797,257470,48,0,1.2244926368010147,
SI_451bcb49-01f9-4030-9d89-6f976b64572b,view_270,jpeg_70,320,126351,252534,51,0,1.1389206526922164,
SI_b1a04b98-c12f-4123-8093-af32c20ce5f3,view_000,jpeg_70,320,85011,169962,17,1,0.849779091018739,0.03236638796681985
SI_b1a04b98-c12f-4123-8093-af32c20ce5f3,view_090,jpeg_70,320,61282,122548,10,0,0.7904837215442113,
SI_b1a04b98-c12f-4123-8093-af32c20ce5f3,view_180,jpeg_70,320,73592,147176,2,1,0.760874892648273,0.02152127350474049
SI_b1a04b98-c12f-4123-8093-af32c20ce5f3,view_270,jpeg_70,320,62775,125490,19,1,0.7987484849271218,0.03687406367523755
SI_fc2bca6b-1f44-4d2c-a1b9-713a33ee0596,view_000,jpeg_70,320,146418,292706,42,0,1.3524143253649124,
SI_fc2bca6b-1f44-4d2c-a1b9-713a33ee0596,view_090,jpeg_70,320,143805,287478,37,1,1.119438703803109,0.08618663036262503
SI_fc2bca6b-1f44-4d2c-a1b9-713a33ee0596,view_180,jpeg_70,320,141783,283534,16,1,1.2366653502628457,0.09657298896834532
SI_fc2bca6b-1f44-4d2c-a1b9-713a33ee0596,view_270,jpeg_70,320,145616,291182,16,0,1.1294884971475156,
SI_1f1ec6af-193f-4969-9185-dc5dd587239d,view_000,jpeg_35,320,34261,68520,1,0,0.5603047763415586,
SI_1f1ec6af-193f-4969-9185-dc5dd587239d,view_090,jpeg_35,320,55595,111192,1,0,0.7732055747569672,
SI_1f1ec6af-193f-4969-9185-dc5dd587239d,view_180,jpeg_35,320,59023,118054,2,1,0.8315600683157242,0.008166900061799745
SI_1f1ec6af-193f-4969-9185-dc5dd587239d,view_270,jpeg_35,320,27356,54708,1,1,0.42889520788541874,0.006140788846141817
SI_451bcb49-01f9-4030-9d89-6f976b64572b,view_000,jpeg_35,320,121099,242048,73,0,1.2963129356864431,
SI_451bcb49-01f9-4030-9d89-6f976b64572b,view_090,jpeg_35,320,110492,220892,51,0,1.211270767617057,
SI_451bcb49-01f9-4030-9d89-6f976b64572b,view_180,jpeg_35,320,127000,253858,55,0,1.2954374466831613,
SI_451bcb49-01f9-4030-9d89-6f976b64572b,view_270,jpeg_35,320,131561,262928,78,0,1.2505848680144738,
SI_b1a04b98-c12f-4123-8093-af32c20ce5f3,view_000,jpeg_35,320,78977,157932,9,0,0.8168608723999562,
SI_b1a04b98-c12f-4123-8093-af32c20ce5f3,view_090,jpeg_35,320,53833,107622,16,0,0.8003102449959406,
SI_b1a04b98-c12f-4123-8093-af32c20ce5f3,view_180,jpeg_35,320,87916,175748,24,1,0.8517559659670348,0.025806534458337513
SI_b1a04b98-c12f-4123-8093-af32c20ce5f3,view_270,jpeg_35,320,61248,122412,23,1,0.788537385722617,0.034933353936962036
SI_fc2bca6b-1f44-4d2c-a1b9-713a33ee0596,view_000,jpeg_35,320,138321,276446,53,1,1.3884433199394475,0.10253912774137275
SI_fc2bca6b-1f44-4d2c-a1b9-713a33ee0596,view_090,jpeg_35,320,139952,279838,20,0,1.116934910914795,
SI_fc2bca6b-1f44-4d2c-a1b9-713a33ee0596,view_180,jpeg_35,320,138637,277266,7,0,1.227887428961905,
SI_fc2bca6b-1f44-4d2c-a1b9-713a33ee0596,view_270,jpeg_35,320,144362,288662,17,0,1.1279389847423262,
SI_1f1ec6af-193f-4969-9185-dc5dd587239d,view_000,occlusion_15,320,62394,124754,27,0,0.8074333578820789,
SI_1f1ec6af-193f-4969-9185-dc5dd587239d,view_090,occlusion_15,320,68443,136878,4,1,0.8897959627554701,0.02958270781385194
SI_1f1ec6af-193f-4969-9185-dc5dd587239d,view_180,occlusion_15,320,58077,116154,1,1,0.7736889909459431,0.012950166489536355
SI_1f1ec6af-193f-4969-9185-dc5dd587239d,view_270,occlusion_15,320,63719,127422,8,1,0.8241568106648004,0.02851622372578312
SI_451bcb49-01f9-4030-9d89-6f976b64572b,view_000,occlusion_15,320,103400,206726,34,0,1.197115184073134,
SI_451bcb49-01f9-4030-9d89-6f976b64572b,view_090,occlusion_15,320,97487,194878,41,1,1.1072477004218009,0.04390406709444563
SI_451bcb49-01f9-4030-9d89-6f976b64572b,view_180,occlusion_15,320,88108,176148,32,0,1.1235181617357115,
SI_451bcb49-01f9-4030-9d89-6f976b64572b,view_270,occlusion_15,320,94381,188728,11,0,1.155205464033984,
SI_b1a04b98-c12f-4123-8093-af32c20ce5f3,view_000,occlusion_15,320,120100,240136,18,1,1.393840025651398,0.06396593278643456
SI_b1a04b98-c12f-4123-8093-af32c20ce5f3,view_090,occlusion_15,320,96667,193326,3,1,1.0378485852666355,0.042565947649797285
SI_b1a04b98-c12f-4123-8093-af32c20ce5f3,view_180,occlusion_15,320,108535,217058,7,1,1.3006199936066727,0.058195452096943295
SI_b1a04b98-c12f-4123-8093-af32c20ce5f3,view_270,occlusion_15,320,99199,198362,12,0,1.084457742310297,
SI_fc2bca6b-1f44-4d2c-a1b9-713a33ee0596,view_000,occlusion_15,320,199811,398994,200,0,1.8768334903245731,
SI_fc2bca6b-1f44-4d2c-a1b9-713a33ee0596,view_090,occlusion_15,320,130140,260140,37,1,1.1820564789973202,0.07551430249079666
SI_fc2bca6b-1f44-4d2c-a1b9-713a33ee0596,view_180,occlusion_15,320,137871,275654,27,1,1.3030908513190993,0.07861056755562909
SI_fc2bca6b-1f44-4d2c-a1b9-713a33ee0596,view_270,occlusion_15,320,140567,281062,24,0,1.2992136028323666,
SI_1f1ec6af-193f-4969-9185-dc5dd587239d,view_000,occlusion_30,320,79762,159520,61,1,1.0907006801277985,0.01908173822984433
SI_1f1ec6af-193f-4969-9185-dc5dd587239d,view_090,occlusion_30,320,72508,145020,5,1,0.9675948810411924,0.03608212883051574
SI_1f1ec6af-193f-4969-9185-dc5dd587239d,view_180,occlusion_30,320,63171,126338,3,1,0.8688607501795803,0.014015459616156545
SI_1f1ec6af-193f-4969-9185-dc5dd587239d,view_270,occlusion_30,320,79040,158072,6,1,1.0072342972600388,0.04586952020994448
SI_451bcb49-01f9-4030-9d89-6f976b64572b,view_000,occlusion_30,320,105918,211724,37,1,1.3184104180694174,0.06717734224909762
SI_451bcb49-01f9-4030-9d89-6f976b64572b,view_090,occlusion_30,320,113333,226628,30,0,1.4103684304455704,
SI_451bcb49-01f9-4030-9d89-6f976b64572b,view_180,occlusion_30,320,101370,202704,19,1,1.3205973580964843,0.06838325206365184
SI_451bcb49-01f9-4030-9d89-6f976b64572b,view_270,occlusion_30,320,105091,210162,12,1,1.3425823167419813,0.07576227277970397
SI_b1a04b98-c12f-4123-8093-af32c20ce5f3,view_000,occlusion_30,320,110338,220648,18,0,1.413369784527373,
SI_b1a04b98-c12f-4123-8093-af32c20ce5f3,view_090,occlusion_30,320,123737,247446,8,1,1.468200176863375,0.08342744216622143
SI_b1a04b98-c12f-4123-8093-af32c20ce5f3,view_180,occlusion_30,320,99916,199776,19,0,1.3076644474409336,
SI_b1a04b98-c12f-4123-8093-af32c20ce5f3,view_270,occlusion_30,320,122221,244414,7,1,1.459381706032687,0.08441563119023443
SI_fc2bca6b-1f44-4d2c-a1b9-713a33ee0596,view_000,occlusion_30,320,227255,454128,176,0,2.1848337058295195,
SI_fc2bca6b-1f44-4d2c-a1b9-713a33ee0596,view_090,occlusion_30,320,154353,308560,38,0,1.5391183432582252,
SI_fc2bca6b-1f44-4d2c-a1b9-713a33ee0596,view_180,occlusion_30,320,153462,306888,18,1,1.5392918188769495,0.10597473803627248
SI_fc2bca6b-1f44-4d2c-a1b9-713a33ee0596,view_270,occlusion_30,320,177704,355330,35,0,1.7046436875066031,
SI_1f1ec6af-193f-4969-9185-dc5dd587239d,view_000,clean,384,65868,131752,1,1,0.6590709243490473,0.006700981319317065
SI_1f1ec6af-193f-4969-9185-dc5dd587239d,view_090,clean,384,87860,175716,1,1,0.8333097370249102,0.0075738233931915725
SI_1f1ec6af-193f-4969-9185-dc5dd587239d,view_180,clean,384,68209,136442,6,1,0.8063063362080072,0.009241209666349939
SI_1f1ec6af-193f-4969-9185-dc5dd587239d,view_270,clean,384,68426,136848,1,1,0.6514702097965894,0.0050654454040925554
SI_451bcb49-01f9-4030-9d89-6f976b64572b,view_000,clean,384,180847,361600,45,0,1.2155197014139667,
SI_451bcb49-01f9-4030-9d89-6f976b64572b,view_090,clean,384,202740,405396,47,0,1.236104269380242,
SI_451bcb49-01f9-4030-9d89-6f976b64572b,view_180,clean,384,199241,398334,59,0,1.213359250860467,
SI_451bcb49-01f9-4030-9d89-6f976b64572b,view_270,clean,384,174959,349740,49,0,1.162740576403576,
SI_b1a04b98-c12f-4123-8093-af32c20ce5f3,view_000,clean,384,159681,319328,20,0,1.0874227123955535,
SI_b1a04b98-c12f-4123-8093-af32c20ce5f3,view_090,clean,384,106624,213246,6,0,0.8168431998987317,
SI_b1a04b98-c12f-4123-8093-af32c20ce5f3,view_180,clean,384,149939,299830,20,1,0.9776811778816669,0.04531399817119624
SI_b1a04b98-c12f-4123-8093-af32c20ce5f3,view_270,clean,384,103776,207540,3,1,0.8403749975988062,0.0418814924900365
SI_fc2bca6b-1f44-4d2c-a1b9-713a33ee0596,view_000,clean,384,226119,452114,38,1,1.2771642229981484,0.09780564967689946
SI_fc2bca6b-1f44-4d2c-a1b9-713a33ee0596,view_090,clean,384,167913,335756,20,0,1.1549984689134,
SI_fc2bca6b-1f44-4d2c-a1b9-713a33ee0596,view_180,clean,384,214242,428472,12,1,1.2502765298700158,0.09705318313495002
SI_fc2bca6b-1f44-4d2c-a1b9-713a33ee0596,view_270,clean,384,171524,343004,15,0,1.1558777158875324,
SI_1f1ec6af-193f-4969-9185-dc5dd587239d,view_000,blur_low,384,29648,59292,1,1,0.43032951301823724,0.009212703517819436
SI_1f1ec6af-193f-4969-9185-dc5dd587239d,view_090,blur_low,384,64386,128768,1,1,0.6851035564073769,0.010639923619777121
SI_1f1ec6af-193f-4969-9185-dc5dd587239d,view_180,blur_low,384,32029,64052,2,0,0.36963528402310225,
SI_1f1ec6af-193f-4969-9185-dc5dd587239d,view_270,blur_low,384,36634,73264,1,1,0.42140998465474655,0.009780873290722336
SI_451bcb49-01f9-4030-9d89-6f976b64572b,view_000,blur_low,384,112302,224608,5,1,0.9731577165614372,0.04184830233542433
SI_451bcb49-01f9-4030-9d89-6f976b64572b,view_090,blur_low,384,108631,217258,7,1,0.9421091459606501,0.04654454987423206
SI_451bcb49-01f9-4030-9d89-6f976b64572b,view_180,blur_low,384,107934,215854,6,0,0.9430372004705685,
SI_451bcb49-01f9-4030-9d89-6f976b64572b,view_270,blur_low,384,135923,271854,6,0,1.0422145113424106,
SI_b1a04b98-c12f-4123-8093-af32c20ce5f3,view_000,blur_low,384,85324,170644,1,1,0.6913839013867279,0.010297629958276544
SI_b1a04b98-c12f-4123-8093-af32c20ce5f3,view_090,blur_low,384,83880,167756,1,1,0.7178065052135745,0.03664732821520284
SI_b1a04b98-c12f-4123-8093-af32c20ce5f3,view_180,blur_low,384,80192,160380,1,1,0.6764260759017601,0.00838982308248779
SI_b1a04b98-c12f-4123-8093-af32c20ce5f3,view_270,blur_low,384,88856,177708,1,1,0.7851617966641196,0.03960127773315153
SI_fc2bca6b-1f44-4d2c-a1b9-713a33ee0596,view_000,blur_low,384,136670,273332,2,1,1.089863270358257,0.06711691961663234
SI_fc2bca6b-1f44-4d2c-a1b9-713a33ee0596,view_090,blur_low,384,138386,276768,1,1,1.0638876625392226,0.08133500140225666
SI_fc2bca6b-1f44-4d2c-a1b9-713a33ee0596,view_180,blur_low,384,156932,313864,1,0,1.1092905361426864,
SI_fc2bca6b-1f44-4d2c-a1b9-713a33ee0596,view_270,blur_low,384,121420,242840,1,0,1.0925848153400988,
SI_1f1ec6af-193f-4969-9185-dc5dd587239d,view_000,blur_high,384,29622,59240,1,1,0.38655530630008683,0.009204789531410624
SI_1f1ec6af-193f-4969-9185-dc5dd587239d,view_090,blur_high,384,58129,116254,2,0,0.6876670048788516,
SI_1f1ec6af-193f-4969-9185-dc5dd587239d,view_180,blur_high,384,25508,51008,2,1,0.33269955852738614,0.00575216385167086
SI_1f1ec6af-193f-4969-9185-dc5dd587239d,view_270,blur_high,384,30316,60628,1,1,0.41989980427904877,0.00875889700599471
SI_451bcb49-01f9-4030-9d89-6f976b64572b,view_000,blur_high,384,68322,136640,1,1,0.7405587045905285,0.026519834136718917
SI_451bcb49-01f9-4030-9d89-6f976b64572b,view_090,blur_high,384,70982,141960,1,1,0.7191314603583719,0.02304275937440456
SI_451bcb49-01f9-4030-9d89-6f976b64572b,view_180,blur_high,384,63408,126812,1,1,0.6856223621045352,0.021388734118949943
SI_451bcb49-01f9-4030-9d89-6f976b64572b,view_270,blur_high,384,68286,136568,1,1,0.7299987512665154,0.026792447580654726
SI_b1a04b98-c12f-4123-8093-af32c20ce5f3,view_000,blur_high,384,74400,148796,1,1,0.6966486940442715,0.013048408811729556
SI_b1a04b98-c12f-4123-8093-af32c20ce5f3,view_090,blur_high,384,78174,156340,2,1,0.7167949147028425,0.016884635934391764
SI_b1a04b98-c12f-4123-8093-af32c20ce5f3,view_180,blur_high,384,72396,144788,1,1,0.6988528978616148,0.012038745407891674
SI_b1a04b98-c12f-4123-8093-af32c20ce5f3,view_270,blur_high,384,77430,154848,3,1,0.7568380500777382,0.01812871581059936
SI_fc2bca6b-1f44-4d2c-a1b9-713a33ee0596,view_000,blur_high,384,114966,229932,1,1,1.0558060447372652,0.039765723232767274
SI_fc2bca6b-1f44-4d2c-a1b9-713a33ee0596,view_090,blur_high,384,103560,207112,2,1,0.9702542982294816,0.045330515176584284
SI_fc2bca6b-1f44-4d2c-a1b9-713a33ee0596,view_180,blur_high,384,110640,221284,1,1,1.0343766726173704,0.04377708880758208
SI_fc2bca6b-1f44-4d2c-a1b9-713a33ee0596,view_270,blur_high,384,107596,215188,1,1,0.9729127663740673,0.04979643784660845
SI_1f1ec6af-193f-4969-9185-dc5dd587239d,view_000,jpeg_70,384,53672,107356,2,1,0.6478532068508672,0.010870724023036323
SI_1f1ec6af-193f-4969-9185-dc5dd587239d,view_090,jpeg_70,384,92474,184944,1,1,0.7852653305737286,0.011201454625547226
SI_1f1ec6af-193f-4969-9185-dc5dd587239d,view_180,jpeg_70,384,68084,136196,2,1,0.7472344233230334,0.008272330295228435
SI_1f1ec6af-193f-4969-9185-dc5dd587239d,view_270,jpeg_70,384,47364,94724,1,1,0.5150861931737477,0.005136849455725849
SI_451bcb49-01f9-4030-9d89-6f976b64572b,view_000,jpeg_70,384,158595,317160,13,0,1.1344731803241739,
SI_451bcb49-01f9-4030-9d89-6f976b64572b,view_090,jpeg_70,384,163573,327108,27,0,1.1913601157278964,
SI_451bcb49-01f9-4030-9d89-6f976b64572b,view_180,jpeg_70,384,181914,363736,37,0,1.2125670915157256,
SI_451bcb49-01f9-4030-9d89-6f976b64572b,view_270,jpeg_70,384,178531,356916,41,0,1.1266384867547514,
SI_b1a04b98-c12f-4123-8093-af32c20ce5f3,view_000,jpeg_70,384,121297,242558,10,1,0.8419179542810838,0.03233702238824474
SI_b1a04b98-c12f-4123-8093-af32c20ce5f3,view_090,jpeg_70,384,86946,173864,8,0,0.784494207974788,
SI_b1a04b98-c12f-4123-8093-af32c20ce5f3,view_180,jpeg_70,384,105232,210464,1,0,0.7569946193157158,
SI_b1a04b98-c12f-4123-8093-af32c20ce5f3,view_270,jpeg_70,384,89374,178748,5,0,0.7903833683372807,
SI_fc2bca6b-1f44-4d2c-a1b9-713a33ee0596,view_000,jpeg_70,384,208973,417822,38,0,1.3457981023961199,
SI_fc2bca6b-1f44-4d2c-a1b9-713a33ee0596,view_090,jpeg_70,384,205573,411070,22,1,1.1148085683424973,0.08624273936274725
SI_fc2bca6b-1f44-4d2c-a1b9-713a33ee0596,view_180,jpeg_70,384,202625,405250,5,1,1.232285013000871,0.0966111928597805
SI_fc2bca6b-1f44-4d2c-a1b9-713a33ee0596,view_270,jpeg_70,384,208481,416944,9,0,1.1257199932870527,
SI_1f1ec6af-193f-4969-9185-dc5dd587239d,view_000,jpeg_35,384,48966,97928,1,1,0.5566921312464479,0.006339468638573483
SI_1f1ec6af-193f-4969-9185-dc5dd587239d,view_090,jpeg_35,384,79944,159884,1,1,0.7717452631107868,0.012964762944178707
SI_1f1ec6af-193f-4969-9185-dc5dd587239d,view_180,jpeg_35,384,84577,169158,3,1,0.8275857832098574,0.008047276809592932
SI_1f1ec6af-193f-4969-9185-dc5dd587239d,view_270,jpeg_35,384,39284,78568,1,0,0.42732339350556003,
SI_451bcb49-01f9-4030-9d89-6f976b64572b,view_000,jpeg_35,384,170474,340856,51,1,1.275858788899449,0.034678698390830535
SI_451bcb49-01f9-4030-9d89-6f976b64572b,view_090,jpeg_35,384,155734,311356,45,1,1.1901952035137484,0.05468360155725239
SI_451bcb49-01f9-4030-9d89-6f976b64572b,view_180,jpeg_35,384,178857,357622,39,0,1.2815144363823043,
SI_451bcb49-01f9-4030-9d89-6f976b64572b,view_270,jpeg_35,384,185200,370278,56,0,1.23369613726578,
SI_b1a04b98-c12f-4123-8093-af32c20ce5f3,view_000,jpeg_35,384,112580,225156,4,1,0.8110586747887958,0.021517472759795642
SI_b1a04b98-c12f-4123-8093-af32c20ce5f3,view_090,jpeg_35,384,76352,152692,4,1,0.7910927759995171,0.03672412519465843
SI_b1a04b98-c12f-4123-8093-af32c20ce5f3,view_180,jpeg_35,384,125006,249928,22,1,0.8413956982073046,0.025732492927325008
SI_b1a04b98-c12f-4123-8093-af32c20ce5f3,view_270,jpeg_35,384,86644,173236,15,1,0.775304436440608,0.0348736880065875
SI_fc2bca6b-1f44-4d2c-a1b9-713a33ee0596,view_000,jpeg_35,384,197273,394466,26,0,1.383572007001023,
SI_fc2bca6b-1f44-4d2c-a1b9-713a33ee0596,view_090,jpeg_35,384,200152,400264,14,0,1.1131438373627511,
SI_fc2bca6b-1f44-4d2c-a1b9-713a33ee0596,view_180,jpeg_35,384,197902,395798,8,0,1.2225799739483632,
SI_fc2bca6b-1f44-4d2c-a1b9-713a33ee0596,view_270,jpeg_35,384,206841,413644,10,0,1.1241802161807888,
SI_1f1ec6af-193f-4969-9185-dc5dd587239d,view_000,occlusion_15,384,88337,176648,19,0,0.7995543854299245,
SI_1f1ec6af-193f-4969-9185-dc5dd587239d,view_090,occlusion_15,384,98583,197166,2,1,0.8848886046044981,0.029465128384765824
SI_1f1ec6af-193f-4969-9185-dc5dd587239d,view_180,occlusion_15,384,83264,166530,1,0,0.7706069277761108,
SI_1f1ec6af-193f-4969-9185-dc5dd587239d,view_270,occlusion_15,384,91369,182708,9,0,0.8203731797221153,
SI_451bcb49-01f9-4030-9d89-6f976b64572b,view_000,occlusion_15,384,146841,293614,29,1,1.1810481531016443,0.04876128592428871
SI_451bcb49-01f9-4030-9d89-6f976b64572b,view_090,occlusion_15,384,137741,275422,29,0,1.0898803728853055,
SI_451bcb49-01f9-4030-9d89-6f976b64572b,view_180,occlusion_15,384,125226,250372,27,1,1.1103639837992139,0.04307768948735156
SI_451bcb49-01f9-4030-9d89-6f976b64572b,view_270,occlusion_15,384,134335,268648,7,0,1.1438600230431895,
SI_b1a04b98-c12f-4123-8093-af32c20ce5f3,view_000,occlusion_15,384,171419,342810,11,1,1.3866625183513448,0.0640872683207702
SI_b1a04b98-c12f-4123-8093-af32c20ce5f3,view_090,occlusion_15,384,138217,276420,4,0,1.0362760353166447,
SI_b1a04b98-c12f-4123-8093-af32c20ce5f3,view_180,occlusion_15,384,155044,310070,6,0,1.2962928066947603,
SI_b1a04b98-c12f-4123-8093-af32c20ce5f3,view_270,occlusion_15,384,142558,285100,6,0,1.0805138932812188,
SI_fc2bca6b-1f44-4d2c-a1b9-713a33ee0596,view_000,occlusion_15,384,278604,556630,177,0,1.8397290994662086,
SI_fc2bca6b-1f44-4d2c-a1b9-713a33ee0596,view_090,occlusion_15,384,185950,371790,30,0,1.1767226169625418,
SI_fc2bca6b-1f44-4d2c-a1b9-713a33ee0596,view_180,occlusion_15,384,196563,393086,13,1,1.2988251268062128,0.07875611871555578
SI_fc2bca6b-1f44-4d2c-a1b9-713a33ee0596,view_270,occlusion_15,384,201241,402412,24,0,1.2934393725606845,
SI_1f1ec6af-193f-4969-9185-dc5dd587239d,view_000,occlusion_30,384,112350,224730,45,0,1.0729163372789208,
SI_1f1ec6af-193f-4969-9185-dc5dd587239d,view_090,occlusion_30,384,103903,207798,5,1,0.9623607565927214,0.036042810555162036
SI_1f1ec6af-193f-4969-9185-dc5dd587239d,view_180,occlusion_30,384,90350,180708,1,0,0.8653969148683756,
SI_1f1ec6af-193f-4969-9185-dc5dd587239d,view_270,occlusion_30,384,112827,225668,2,0,1.001932242113816,
SI_451bcb49-01f9-4030-9d89-6f976b64572b,view_000,occlusion_30,384,150691,301320,23,0,1.3087510681707097,
SI_451bcb49-01f9-4030-9d89-6f976b64572b,view_090,occlusion_30,384,160669,321294,25,1,1.3946551678750676,0.06943127304020368
SI_451bcb49-01f9-4030-9d89-6f976b64572b,view_180,occlusion_30,384,144606,289198,13,0,1.3144002891018718,
SI_451bcb49-01f9-4030-9d89-6f976b64572b,view_270,occlusion_30,384,149429,298854,9,1,1.3348768355489584,0.07595593201851254
SI_b1a04b98-c12f-4123-8093-af32c20ce5f3,view_000,occlusion_30,384,157621,315224,15,0,1.4069863894336272,
SI_b1a04b98-c12f-4123-8093-af32c20ce5f3,view_090,occlusion_30,384,177619,355246,2,0,1.4647873348632572,
SI_b1a04b98-c12f-4123-8093-af32c20ce5f3,view_180,occlusion_30,384,143016,286018,9,0,1.301516265497169,
SI_b1a04b98-c12f-4123-8093-af32c20ce5f3,view_270,occlusion_30,384,176397,352762,8,1,1.4578103566853773,0.08451614946431703
SI_fc2bca6b-1f44-4d2c-a1b9-713a33ee0596,view_000,occlusion_30,384,318303,636162,166,0,2.1458531356623753,
SI_fc2bca6b-1f44-4d2c-a1b9-713a33ee0596,view_090,occlusion_30,384,220050,439992,28,0,1.5273655566333848,
SI_fc2bca6b-1f44-4d2c-a1b9-713a33ee0596,view_180,occlusion_30,384,219021,438038,7,0,1.5333440406929386,
SI_fc2bca6b-1f44-4d2c-a1b9-713a33ee0596,view_270,occlusion_30,384,252297,504548,25,0,1.6914461539293582,
SI_1f1ec6af-193f-4969-9185-dc5dd587239d,view_000,clean,448,90437,180894,1,1,0.6628645062123192,0.0066626620410688555
SI_1f1ec6af-193f-4969-9185-dc5dd587239d,view_090,clean,448,120278,240560,1,1,0.8352518518291182,0.007532552497331556
SI_1f1ec6af-193f-4969-9185-dc5dd587239d,view_180,clean,448,94283,188594,6,1,0.812319967809898,0.009178695659885123
SI_1f1ec6af-193f-4969-9185-dc5dd587239d,view_270,clean,448,93595,187188,1,0,0.6518897693260197,
SI_451bcb49-01f9-4030-9d89-6f976b64572b,view_000,clean,448,254549,508956,61,0,1.240508467253864,
SI_451bcb49-01f9-4030-9d89-6f976b64572b,view_090,clean,448,285120,570086,73,0,1.268654889159805,
SI_451bcb49-01f9-4030-9d89-6f976b64572b,view_180,clean,448,279891,559614,74,0,1.2351391530485079,
SI_451bcb49-01f9-4030-9d89-6f976b64572b,view_270,clean,448,245727,491262,60,1,1.1863515493906835,0.06206920364489011
SI_b1a04b98-c12f-4123-8093-af32c20ce5f3,view_000,clean,448,222745,445418,37,1,1.1106906287476925,0.05563502991164935
SI_b1a04b98-c12f-4123-8093-af32c20ce5f3,view_090,clean,448,147817,295626,10,0,0.8277655565485763,
SI_b1a04b98-c12f-4123-8093-af32c20ce5f3,view_180,clean,448,208722,417378,36,0,0.9974329007466036,
SI_b1a04b98-c12f-4123-8093-af32c20ce5f3,view_270,clean,448,143557,287100,7,0,0.8506994066295027,
SI_fc2bca6b-1f44-4d2c-a1b9-713a33ee0596,view_000,clean,448,313535,626878,60,0,1.291157945088803,
SI_fc2bca6b-1f44-4d2c-a1b9-713a33ee0596,view_090,clean,448,232215,464250,51,0,1.167276059123295,
SI_fc2bca6b-1f44-4d2c-a1b9-713a33ee0596,view_180,clean,448,296248,592478,19,0,1.263766484687635,
SI_fc2bca6b-1f44-4d2c-a1b9-713a33ee0596,view_270,clean,448,237081,474088,25,0,1.169057458291535,
SI_1f1ec6af-193f-4969-9185-dc5dd587239d,view_000,blur_low,448,40742,81480,1,1,0.4310726433293667,0.009174087068456653
SI_1f1ec6af-193f-4969-9185-dc5dd587239d,view_090,blur_low,448,88143,176280,2,0,0.6863769984277576,
SI_1f1ec6af-193f-4969-9185-dc5dd587239d,view_180,blur_low,448,44168,88324,4,1,0.37348711833247084,0.007290456136083691
SI_1f1ec6af-193f-4969-9185-dc5dd587239d,view_270,blur_low,448,50240,100476,1,1,0.42211886264840587,0.009761237811356193
SI_451bcb49-01f9-4030-9d89-6f976b64572b,view_000,blur_low,448,155680,311344,10,1,0.9858031104154076,0.04163800296147895
SI_451bcb49-01f9-4030-9d89-6f976b64572b,view_090,blur_low,448,151132,302264,8,1,0.9554159506962767,0.04646464699766071
SI_451bcb49-01f9-4030-9d89-6f976b64572b,view_180,blur_low,448,150252,300480,8,1,0.957021078940749,0.049938709138812105
SI_451bcb49-01f9-4030-9d89-6f976b64572b,view_270,blur_low,448,188444,376876,10,1,1.0544600492726144,0.058558348096285684
SI_b1a04b98-c12f-4123-8093-af32c20ce5f3,view_000,blur_low,448,116971,233940,1,0,0.6931706573270425,
SI_b1a04b98-c12f-4123-8093-af32c20ce5f3,view_090,blur_low,448,115057,230112,1,0,0.7220410191212404,
SI_b1a04b98-c12f-4123-8093-af32c20ce5f3,view_180,blur_low,448,109978,219956,1,0,0.6778908597834173,
SI_b1a04b98-c12f-4123-8093-af32c20ce5f3,view_270,blur_low,448,122173,244348,1,0,0.7930049654922514,
SI_fc2bca6b-1f44-4d2c-a1b9-713a33ee0596,view_000,blur_low,448,187873,375746,2,0,1.0943836319080407,
SI_fc2bca6b-1f44-4d2c-a1b9-713a33ee0596,view_090,blur_low,448,189544,379084,1,1,1.0673944063837117,0.08130113185925349
SI_fc2bca6b-1f44-4d2c-a1b9-713a33ee0596,view_180,blur_low,448,215153,430312,1,0,1.1143002914145284,
SI_fc2bca6b-1f44-4d2c-a1b9-713a33ee0596,view_270,blur_low,448,166716,333432,1,1,1.0974634007887707,0.07953060129134086
SI_1f1ec6af-193f-4969-9185-dc5dd587239d,view_000,blur_high,448,40497,80992,1,0,0.38686204529489915,
SI_1f1ec6af-193f-4969-9185-dc5dd587239d,view_090,blur_high,448,79049,158092,2,0,0.6880685606451475,
SI_1f1ec6af-193f-4969-9185-dc5dd587239d,view_180,blur_high,448,34842,69676,2,1,0.3330164548145673,0.00573834574969949
SI_1f1ec6af-193f-4969-9185-dc5dd587239d,view_270,blur_high,448,41444,82884,1,1,0.42076927381674506,0.008763710139694651
SI_451bcb49-01f9-4030-9d89-6f976b64572b,view_000,blur_high,448,93265,186528,1,0,0.7414712361049053,
SI_451bcb49-01f9-4030-9d89-6f976b64572b,view_090,blur_high,448,96950,193896,1,1,0.7201784502650517,0.023018149802460138
SI_451bcb49-01f9-4030-9d89-6f976b64572b,view_180,blur_high,448,86722,173436,2,1,0.6862643195076465,0.021344614283205113
SI_451bcb49-01f9-4030-9d89-6f976b64572b,view_270,blur_high,448,93449,186896,1,0,0.7327248906116633,
SI_b1a04b98-c12f-4123-8093-af32c20ce5f3,view_000,blur_high,448,101428,202856,1,0,0.6966058783379856,
SI_b1a04b98-c12f-4123-8093-af32c20ce5f3,view_090,blur_high,448,106961,213920,2,0,0.7193293754864379,
SI_b1a04b98-c12f-4123-8093-af32c20ce5f3,view_180,blur_high,448,98758,197512,1,1,0.6996746358975361,0.012027229341560556
SI_b1a04b98-c12f-4123-8093-af32c20ce5f3,view_270,blur_high,448,106135,212254,4,1,0.7599185875557855,0.018095663599119818
SI_fc2bca6b-1f44-4d2c-a1b9-713a33ee0596,view_000,blur_high,448,157336,314672,1,1,1.057483633609174,0.03977648285729335
SI_fc2bca6b-1f44-4d2c-a1b9-713a33ee0596,view_090,blur_high,448,141523,283024,6,0,0.9712880470028812,
SI_fc2bca6b-1f44-4d2c-a1b9-713a33ee0596,view_180,blur_high,448,150940,301880,1,1,1.0352782426272025,0.04373169417076762
SI_fc2bca6b-1f44-4d2c-a1b9-713a33ee0596,view_270,blur_high,448,147208,294412,1,1,0.9743764015975296,0.04975698386758668
SI_1f1ec6af-193f-4969-9185-dc5dd587239d,view_000,jpeg_70,448,74317,148634,8,0,0.6575339717780445,
SI_1f1ec6af-193f-4969-9185-dc5dd587239d,view_090,jpeg_70,448,126535,253072,1,0,0.7869191006143175,
SI_1f1ec6af-193f-4969-9185-dc5dd587239d,view_180,jpeg_70,448,93687,187404,2,0,0.7524050138693336,
SI_1f1ec6af-193f-4969-9185-dc5dd587239d,view_270,jpeg_70,448,64793,129584,1,0,0.5172787628175614,
SI_451bcb49-01f9-4030-9d89-6f976b64572b,view_000,jpeg_70,448,221227,442452,12,0,1.1504035354027897,
SI_451bcb49-01f9-4030-9d89-6f976b64572b,view_090,jpeg_70,448,229428,458778,48,0,1.2174370188326478,
SI_451bcb49-01f9-4030-9d89-6f976b64572b,view_180,jpeg_70,448,254509,508876,55,0,1.2313845566954127,
SI_451bcb49-01f9-4030-9d89-6f976b64572b,view_270,jpeg_70,448,249936,499704,50,0,1.1476173674094101,
SI_b1a04b98-c12f-4123-8093-af32c20ce5f3,view_000,jpeg_70,448,167778,335500,17,1,0.851321116629907,0.03227743868387051
SI_b1a04b98-c12f-4123-8093-af32c20ce5f3,view_090,jpeg_70,448,120587,241146,12,1,0.7949359360666907,0.03657273417555531
SI_b1a04b98-c12f-4123-8093-af32c20ce5f3,view_180,jpeg_70,448,144823,289644,2,0,0.7620286639622597,
SI_b1a04b98-c12f-4123-8093-af32c20ce5f3,view_270,jpeg_70,448,123695,247354,17,0,0.8035030799961002,
SI_fc2bca6b-1f44-4d2c-a1b9-713a33ee0596,view_000,jpeg_70,448,289725,579280,51,0,1.3618143628329027,
SI_fc2bca6b-1f44-4d2c-a1b9-713a33ee0596,view_090,jpeg_70,448,283265,566398,39,1,1.124078666150345,0.08613595458116174
SI_fc2bca6b-1f44-4d2c-a1b9-713a33ee0596,view_180,jpeg_70,448,279551,559068,18,0,1.2443371668052987,
SI_fc2bca6b-1f44-4d2c-a1b9-713a33ee0596,view_270,jpeg_70,448,287214,574384,15,0,1.1345913598002757,
SI_1f1ec6af-193f-4969-9185-dc5dd587239d,view_000,jpeg_35,448,67318,134632,1,1,0.5582643091301661,0.006302722390399789
SI_1f1ec6af-193f-4969-9185-dc5dd587239d,view_090,jpeg_35,448,109358,218712,1,1,0.7735098650847027,0.012938979375193204
SI_1f1ec6af-193f-4969-9185-dc5dd587239d,view_180,jpeg_35,448,116267,232540,4,0,0.8300394323725431,
SI_1f1ec6af-193f-4969-9185-dc5dd587239d,view_270,jpeg_35,448,53854,107704,1,1,0.42895670401928593,0.006100310812974348
SI_451bcb49-01f9-4030-9d89-6f976b64572b,view_000,jpeg_35,448,240215,480274,76,0,1.3095537879417012,
SI_451bcb49-01f9-4030-9d89-6f976b64572b,view_090,jpeg_35,448,218452,436812,53,0,1.219641712173317,
SI_451bcb49-01f9-4030-9d89-6f976b64572b,view_180,jpeg_35,448,250966,501822,56,0,1.3090444991663217,
SI_451bcb49-01f9-4030-9d89-6f976b64572b,view_270,jpeg_35,448,260346,520484,85,0,1.2615791150406774,
SI_b1a04b98-c12f-4123-8093-af32c20ce5f3,view_000,jpeg_35,448,155798,311582,7,0,0.819837734629225,
SI_b1a04b98-c12f-4123-8093-af32c20ce5f3,view_090,jpeg_35,448,106088,212128,16,1,0.8042473623538011,0.03669146331413686
SI_b1a04b98-c12f-4123-8093-af32c20ce5f3,view_180,jpeg_35,448,173691,347318,21,0,0.8550617519377439,
SI_b1a04b98-c12f-4123-8093-af32c20ce5f3,view_270,jpeg_35,448,120680,241280,26,0,0.7916217714580364,
SI_fc2bca6b-1f44-4d2c-a1b9-713a33ee0596,view_000,jpeg_35,448,273794,547392,55,0,1.4010842339107628,
SI_fc2bca6b-1f44-4d2c-a1b9-713a33ee0596,view_090,jpeg_35,448,275578,551094,22,0,1.1224369189647705,
SI_fc2bca6b-1f44-4d2c-a1b9-713a33ee0596,view_180,jpeg_35,448,272616,545212,12,0,1.2343529883106013,
SI_fc2bca6b-1f44-4d2c-a1b9-713a33ee0596,view_270,jpeg_35,448,284810,569544,22,0,1.132743118852965,
SI_1f1ec6af-193f-4969-9185-dc5dd587239d,view_000,occlusion_15,448,123001,245998,28,0,0.8131590180477841,
SI_1f1ec6af-193f-4969-9185-dc5dd587239d,view_090,occlusion_15,448,134715,269420,4,0,0.8904084686473688,
SI_1f1ec6af-193f-4969-9185-dc5dd587239d,view_180,occlusion_15,448,114875,229750,1,1,0.7734546591538877,0.012829359409603246
SI_1f1ec6af-193f-4969-9185-dc5dd587239d,view_270,occlusion_15,448,125548,251080,7,1,0.8249753702686969,0.028473646298927156
SI_451bcb49-01f9-4030-9d89-6f976b64572b,view_000,occlusion_15,448,204492,408880,40,0,1.2018335202003596,
SI_451bcb49-01f9-4030-9d89-6f976b64572b,view_090,occlusion_15,448,192170,384240,45,1,1.1129067520110192,0.04392246153187374
SI_451bcb49-01f9-4030-9d89-6f976b64572b,view_180,occlusion_15,448,174017,347972,32,0,1.1259032753146345,
SI_451bcb49-01f9-4030-9d89-6f976b64572b,view_270,occlusion_15,448,185713,371370,17,1,1.1564225193864395,0.04908518236766743
SI_b1a04b98-c12f-4123-8093-af32c20ce5f3,view_000,occlusion_15,448,237025,474016,13,0,1.397530120657924,
SI_b1a04b98-c12f-4123-8093-af32c20ce5f3,view_090,occlusion_15,448,189325,378644,4,0,1.0413279943401599,
SI_b1a04b98-c12f-4123-8093-af32c20ce5f3,view_180,occlusion_15,448,214178,428344,9,0,1.305322474496817,
SI_b1a04b98-c12f-4123-8093-af32c20ce5f3,view_270,occlusion_15,448,196016,392016,8,0,1.0867869059482698,
SI_fc2bca6b-1f44-4d2c-a1b9-713a33ee0596,view_000,occlusion_15,448,394744,788858,212,0,1.8981651978665264,
SI_fc2bca6b-1f44-4d2c-a1b9-713a33ee0596,view_090,occlusion_15,448,256814,513458,46,0,1.1866913367967071,
SI_fc2bca6b-1f44-4d2c-a1b9-713a33ee0596,view_180,occlusion_15,448,271576,543056,28,1,1.3103256422582614,0.07861562779500364
SI_fc2bca6b-1f44-4d2c-a1b9-713a33ee0596,view_270,occlusion_15,448,277695,555324,25,0,1.307334642989292,
SI_1f1ec6af-193f-4969-9185-dc5dd587239d,view_000,occlusion_30,448,158367,316696,71,0,1.0998874250239246,
SI_1f1ec6af-193f-4969-9185-dc5dd587239d,view_090,occlusion_30,448,143486,286964,8,1,0.9705505648216569,0.036064119203509576
SI_1f1ec6af-193f-4969-9185-dc5dd587239d,view_180,occlusion_30,448,125145,250284,4,0,0.8697514574029171,
SI_1f1ec6af-193f-4969-9185-dc5dd587239d,view_270,occlusion_30,448,155086,310160,7,1,1.0071273642143512,0.04580449032128339
SI_451bcb49-01f9-4030-9d89-6f976b64572b,view_000,occlusion_30,448,209328,418534,41,0,1.327638008445182,
SI_451bcb49-01f9-4030-9d89-6f976b64572b,view_090,occlusion_30,448,224199,448318,42,0,1.4169313417032317,
SI_451bcb49-01f9-4030-9d89-6f976b64572b,view_180,occlusion_30,448,200719,401406,19,1,1.3285485125581316,0.06856473234982176
SI_451bcb49-01f9-4030-9d89-6f976b64572b,view_270,occlusion_30,448,206272,412532,15,1,1.3486405888364057,0.07591898360277713
SI_b1a04b98-c12f-4123-8093-af32c20ce5f3,view_000,occlusion_30,448,217314,434558,26,0,1.4220092677295098,
SI_b1a04b98-c12f-4123-8093-af32c20ce5f3,view_090,occlusion_30,448,243710,487404,6,1,1.471562634804503,0.08346651735696516
SI_b1a04b98-c12f-4123-8093-af32c20ce5f3,view_180,occlusion_30,448,197247,394450,19,1,1.3126695201435148,0.07447606426464053
SI_b1a04b98-c12f-4123-8093-af32c20ce5f3,view_270,occlusion_30,448,241731,483448,6,0,1.4646124486300207,
SI_fc2bca6b-1f44-4d2c-a1b9-713a33ee0596,view_000,occlusion_30,448,449272,898130,197,0,2.203442604156102,
SI_fc2bca6b-1f44-4d2c-a1b9-713a33ee0596,view_090,occlusion_30,448,304198,608250,40,0,1.547169420137955,
SI_fc2bca6b-1f44-4d2c-a1b9-713a33ee0596,view_180,occlusion_30,448,302670,605284,22,0,1.544853895871177,
SI_fc2bca6b-1f44-4d2c-a1b9-713a33ee0596,view_270,occlusion_30,448,350234,700372,36,1,1.715637925395261,0.11147705261361575
SI_1f1ec6af-193f-4969-9185-dc5dd587239d,view_000,clean,512,117823,235662,1,1,0.658730354225627,0.006613426612546155
SI_1f1ec6af-193f-4969-9185-dc5dd587239d,view_090,clean,512,156863,313728,1,0,0.8341107809154855,
SI_1f1ec6af-193f-4969-9185-dc5dd587239d,view_180,clean,512,122140,244300,5,1,0.8078822836812197,0.009126972104362401
SI_1f1ec6af-193f-4969-9185-dc5dd587239d,view_270,clean,512,122058,244112,1,1,0.6501561656845927,0.004993789636733014
SI_451bcb49-01f9-4030-9d89-6f976b64572b,view_000,clean,512,326521,652936,47,0,1.2282378566386205,
SI_451bcb49-01f9-4030-9d89-6f976b64572b,view_090,clean,512,366086,732036,68,0,1.251567344654407,
SI_451bcb49-01f9-4030-9d89-6f976b64572b,view_180,clean,512,359672,719196,65,0,1.2247490955344094,
SI_451bcb49-01f9-4030-9d89-6f976b64572b,view_270,clean,512,315579,631028,44,0,1.1757358544891228,
SI_b1a04b98-c12f-4123-8093-af32c20ce5f3,view_000,clean,512,287074,574110,19,0,1.098965525756358,
SI_b1a04b98-c12f-4123-8093-af32c20ce5f3,view_090,clean,512,191231,382474,6,0,0.8212842563775681,
SI_b1a04b98-c12f-4123-8093-af32c20ce5f3,view_180,clean,512,269585,539104,26,0,0.987238179597752,
SI_b1a04b98-c12f-4123-8093-af32c20ce5f3,view_270,clean,512,186007,372002,5,0,0.844732187230491,
SI_fc2bca6b-1f44-4d2c-a1b9-713a33ee0596,view_000,clean,512,405857,811554,50,0,1.286738804056051,
SI_fc2bca6b-1f44-4d2c-a1b9-713a33ee0596,view_090,clean,512,301015,601936,28,0,1.1622951984518144,
SI_fc2bca6b-1f44-4d2c-a1b9-713a33ee0596,view_180,clean,512,384010,768020,12,0,1.2593663469905514,
SI_fc2bca6b-1f44-4d2c-a1b9-713a33ee0596,view_270,clean,512,307904,615756,17,0,1.1634977771254669,
SI_1f1ec6af-193f-4969-9185-dc5dd587239d,view_000,blur_low,512,53089,106176,1,0,0.4299991552402328,
SI_1f1ec6af-193f-4969-9185-dc5dd587239d,view_090,blur_low,512,114623,229244,1,0,0.6852242088301542,
SI_1f1ec6af-193f-4969-9185-dc5dd587239d,view_180,blur_low,512,57150,114292,2,1,0.3717046104961458,0.0072943791573525625
SI_1f1ec6af-193f-4969-9185-dc5dd587239d,view_270,blur_low,512,65507,131012,1,0,0.4217313943039205,
SI_451bcb49-01f9-4030-9d89-6f976b64572b,view_000,blur_low,512,201375,402740,10,0,0.9797004483224611,
SI_451bcb49-01f9-4030-9d89-6f976b64572b,view_090,blur_low,512,194995,389984,9,0,0.9480394496724817,
SI_451bcb49-01f9-4030-9d89-6f976b64572b,view_180,blur_low,512,193644,387282,6,0,0.9493162005082314,
SI_451bcb49-01f9-4030-9d89-6f976b64572b,view_270,blur_low,512,243663,487334,7,1,1.048161539877569,0.058826965194723885
SI_b1a04b98-c12f-4123-8093-af32c20ce5f3,view_000,blur_low,512,152207,304412,1,0,0.692400597872163,
SI_b1a04b98-c12f-4123-8093-af32c20ce5f3,view_090,blur_low,512,149654,299304,2,0,0.7202626432757825,
SI_b1a04b98-c12f-4123-8093-af32c20ce5f3,view_180,blur_low,512,143060,286116,1,1,0.678162254095091,0.008379158919293023
SI_b1a04b98-c12f-4123-8093-af32c20ce5f3,view_270,blur_low,512,158723,317450,1,0,0.7886763430273295,
SI_fc2bca6b-1f44-4d2c-a1b9-713a33ee0596,view_000,blur_low,512,244455,488908,2,0,1.0921452586047553,
SI_fc2bca6b-1f44-4d2c-a1b9-713a33ee0596,view_090,blur_low,512,246824,493656,1,0,1.0661167848224,
SI_fc2bca6b-1f44-4d2c-a1b9-713a33ee0596,view_180,blur_low,512,280224,560448,1,0,1.1121573648497765,
SI_fc2bca6b-1f44-4d2c-a1b9-713a33ee0596,view_270,blur_low,512,217079,434160,1,0,1.0955185329022556,
SI_1f1ec6af-193f-4969-9185-dc5dd587239d,view_000,blur_high,512,52914,105824,1,1,0.3868450444526784,0.009197936157102493
SI_1f1ec6af-193f-4969-9185-dc5dd587239d,view_090,blur_high,512,103504,207000,2,1,0.6876753833809112,0.016904195291053335
SI_1f1ec6af-193f-4969-9185-dc5dd587239d,view_180,blur_high,512,45504,91000,2,1,0.3327428866037545,0.0057337305704148805
SI_1f1ec6af-193f-4969-9185-dc5dd587239d,view_270,blur_high,512,53931,107860,1,0,0.4202996950088984,
SI_451bcb49-01f9-4030-9d89-6f976b64572b,view_000,blur_high,512,121743,243488,1,0,0.7408808891488666,
SI_451bcb49-01f9-4030-9d89-6f976b64572b,view_090,blur_high,512,126581,253160,1,0,0.7197207065656999,
SI_451bcb49-01f9-4030-9d89-6f976b64572b,view_180,blur_high,512,113042,226080,1,1,0.6856996242614787,0.021345410509789425
SI_451bcb49-01f9-4030-9d89-6f976b64572b,view_270,blur_high,512,121688,243372,1,1,0.7312495184805353,0.026791346887025932
SI_b1a04b98-c12f-4123-8093-af32c20ce5f3,view_000,blur_high,512,132451,264900,1,0,0.6966068792256307,
SI_b1a04b98-c12f-4123-8093-af32c20ce5f3,view_090,blur_high,512,139281,278564,2,0,0.717882601437369,
SI_b1a04b98-c12f-4123-8093-af32c20ce5f3,view_180,blur_high,512,128942,257884,1,0,0.6994650404600576,
SI_b1a04b98-c12f-4123-8093-af32c20ce5f3,view_270,blur_high,512,138204,276392,4,1,0.7584380372936583,0.018112863863456688
SI_fc2bca6b-1f44-4d2c-a1b9-713a33ee0596,view_000,blur_high,512,204800,409596,1,1,1.0575735515737277,0.03977466672530843
SI_fc2bca6b-1f44-4d2c-a1b9-713a33ee0596,view_090,blur_high,512,184798,369596,2,0,0.9712404475495166,
SI_fc2bca6b-1f44-4d2c-a1b9-713a33ee0596,view_180,blur_high,512,197357,394728,1,0,1.0355167353814487,
SI_fc2bca6b-1f44-4d2c-a1b9-713a33ee0596,view_270,blur_high,512,191845,383684,2,0,0.9741486783826178,
SI_1f1ec6af-193f-4969-9185-dc5dd587239d,view_000,jpeg_70,512,96239,192486,4,1,0.6506895114636946,0.010804783985823472
SI_1f1ec6af-193f-4969-9185-dc5dd587239d,view_090,jpeg_70,512,165048,330092,1,1,0.7852498588619056,0.011147668415013592
SI_1f1ec6af-193f-4969-9185-dc5dd587239d,view_180,jpeg_70,512,121653,243334,2,0,0.7477567706580004,
SI_1f1ec6af-193f-4969-9185-dc5dd587239d,view_270,jpeg_70,512,84476,168952,1,0,0.5155218187811361,
SI_451bcb49-01f9-4030-9d89-6f976b64572b,view_000,jpeg_70,512,285079,570132,13,0,1.1416726233758456,
SI_451bcb49-01f9-4030-9d89-6f976b64572b,view_090,jpeg_70,512,294622,589244,29,0,1.2036045056123463,
SI_451bcb49-01f9-4030-9d89-6f976b64572b,view_180,jpeg_70,512,327336,654608,38,0,1.2232350739864988,
SI_451bcb49-01f9-4030-9d89-6f976b64572b,view_270,jpeg_70,512,321272,642380,48,0,1.1366806499153557,
SI_b1a04b98-c12f-4123-8093-af32c20ce5f3,view_000,jpeg_70,512,217330,434608,16,1,0.8463868149454792,0.03231986833964998
SI_b1a04b98-c12f-4123-8093-af32c20ce5f3,view_090,jpeg_70,512,155914,311804,9,1,0.7889699859468796,0.036598660042194524
SI_b1a04b98-c12f-4123-8093-af32c20ce5f3,view_180,jpeg_70,512,187876,375748,1,1,0.7599531739830888,0.021476186938497
SI_b1a04b98-c12f-4123-8093-af32c20ce5f3,view_270,jpeg_70,512,160152,320290,6,0,0.796656379150967,
SI_fc2bca6b-1f44-4d2c-a1b9-713a33ee0596,view_000,jpeg_70,512,375078,750028,40,0,1.3566215120192655,
SI_fc2bca6b-1f44-4d2c-a1b9-713a33ee0596,view_090,jpeg_70,512,368006,735920,29,0,1.120185550797032,
SI_fc2bca6b-1f44-4d2c-a1b9-713a33ee0596,view_180,jpeg_70,512,363233,726454,11,0,1.2400341658240592,
SI_fc2bca6b-1f44-4d2c-a1b9-713a33ee0596,view_270,jpeg_70,512,373524,747024,12,0,1.1310011878775295,
SI_1f1ec6af-193f-4969-9185-dc5dd587239d,view_000,jpeg_35,512,87591,175180,1,0,0.5567415612809556,
SI_1f1ec6af-193f-4969-9185-dc5dd587239d,view_090,jpeg_35,512,142666,285328,1,1,0.7727920683280782,0.012936379024361289
SI_1f1ec6af-193f-4969-9185-dc5dd587239d,view_180,jpeg_35,512,150930,301870,3,0,0.8273746601931365,
SI_1f1ec6af-193f-4969-9185-dc5dd587239d,view_270,jpeg_35,512,70160,140316,1,1,0.4276266295337912,0.006085236782533848
SI_451bcb49-01f9-4030-9d89-6f976b64572b,view_000,jpeg_35,512,307871,615652,53,0,1.2928364149508165,
SI_451bcb49-01f9-4030-9d89-6f976b64572b,view_090,jpeg_35,512,280873,561642,50,0,1.2052920372759433,
SI_451bcb49-01f9-4030-9d89-6f976b64572b,view_180,jpeg_35,512,323064,646054,43,0,1.2963849243080359,
SI_451bcb49-01f9-4030-9d89-6f976b64572b,view_270,jpeg_35,512,334354,668572,63,0,1.2482036203676599,
SI_b1a04b98-c12f-4123-8093-af32c20ce5f3,view_000,jpeg_35,512,201849,403692,7,0,0.8149986518764161,
SI_b1a04b98-c12f-4123-8093-af32c20ce5f3,view_090,jpeg_35,512,137224,274424,10,0,0.7964749461058214,
SI_b1a04b98-c12f-4123-8093-af32c20ce5f3,view_180,jpeg_35,512,224356,448644,20,1,0.8477089865316346,0.025717592492732217
SI_b1a04b98-c12f-4123-8093-af32c20ce5f3,view_270,jpeg_35,512,155729,311392,18,0,0.782383829396274,
SI_fc2bca6b-1f44-4d2c-a1b9-713a33ee0596,view_000,jpeg_35,512,354217,708302,38,0,1.3959652197254686,
SI_fc2bca6b-1f44-4d2c-a1b9-713a33ee0596,view_090,jpeg_35,512,358321,716604,17,0,1.1186594022642047,
SI_fc2bca6b-1f44-4d2c-a1b9-713a33ee0596,view_180,jpeg_35,512,353942,707872,12,0,1.2301496242568979,
SI_fc2bca6b-1f44-4d2c-a1b9-713a33ee0596,view_270,jpeg_35,512,370309,740582,12,0,1.1299548934182184,
SI_1f1ec6af-193f-4969-9185-dc5dd587239d,view_000,occlusion_15,512,158731,317480,17,0,0.8053422895216316,
SI_1f1ec6af-193f-4969-9185-dc5dd587239d,view_090,occlusion_15,512,175337,350654,6,1,0.887166430030545,0.029474367281777058
SI_1f1ec6af-193f-4969-9185-dc5dd587239d,view_180,occlusion_15,512,149387,298774,1,1,0.7717812479131118,0.012824101643857694
SI_1f1ec6af-193f-4969-9185-dc5dd587239d,view_270,occlusion_15,512,163697,327370,10,1,0.8225066225874208,0.02847888739721174
SI_451bcb49-01f9-4030-9d89-6f976b64572b,view_000,occlusion_15,512,263679,527298,26,0,1.191845591465101,
SI_451bcb49-01f9-4030-9d89-6f976b64572b,view_090,occlusion_15,512,247457,494864,31,0,1.100789127742641,
SI_451bcb49-01f9-4030-9d89-6f976b64572b,view_180,occlusion_15,512,224609,449176,26,0,1.1186927414793302,
SI_451bcb49-01f9-4030-9d89-6f976b64572b,view_270,occlusion_15,512,240283,480550,6,1,1.149253639077734,0.04910462082773115
SI_b1a04b98-c12f-4123-8093-af32c20ce5f3,view_000,occlusion_15,512,306919,613814,12,0,1.3906423533269638,
SI_b1a04b98-c12f-4123-8093-af32c20ce5f3,view_090,occlusion_15,512,246645,493288,4,0,1.038794302340959,
SI_b1a04b98-c12f-4123-8093-af32c20ce5f3,view_180,occlusion_15,512,277773,555536,5,0,1.2994889634621107,
SI_b1a04b98-c12f-4123-8093-af32c20ce5f3,view_270,occlusion_15,512,255003,510000,6,0,1.083896777772765,
SI_fc2bca6b-1f44-4d2c-a1b9-713a33ee0596,view_000,occlusion_15,512,502699,1004788,189,0,1.8691344678620376,
SI_fc2bca6b-1f44-4d2c-a1b9-713a33ee0596,view_090,occlusion_15,512,332952,665788,33,0,1.1839198467558634,
SI_fc2bca6b-1f44-4d2c-a1b9-713a33ee0596,view_180,occlusion_15,512,352414,704756,23,0,1.3061986582611596,
SI_fc2bca6b-1f44-4d2c-a1b9-713a33ee0596,view_270,occlusion_15,512,360310,720538,28,0,1.3019453275893536,
SI_1f1ec6af-193f-4969-9185-dc5dd587239d,view_000,occlusion_30,512,202867,405746,52,1,1.0845738136778267,0.01890655899739121
SI_1f1ec6af-193f-4969-9185-dc5dd587239d,view_090,occlusion_30,512,186662,373320,6,0,0.9670108670470954,
SI_1f1ec6af-193f-4969-9185-dc5dd587239d,view_180,occlusion_30,512,162007,324020,2,0,0.8662659101694011,
SI_1f1ec6af-193f-4969-9185-dc5dd587239d,view_270,occlusion_30,512,202097,404194,3,1,1.0049369847468643,0.045853327183729704
SI_451bcb49-01f9-4030-9d89-6f976b64572b,view_000,occlusion_30,512,270358,540632,30,0,1.319643260468781,
SI_451bcb49-01f9-4030-9d89-6f976b64572b,view_090,occlusion_30,512,289551,579090,26,0,1.4069697879893068,
SI_451bcb49-01f9-4030-9d89-6f976b64572b,view_180,occlusion_30,512,259731,519450,16,0,1.3195542324755292,
SI_451bcb49-01f9-4030-9d89-6f976b64572b,view_270,occlusion_30,512,267066,534128,11,0,1.3398382265336803,
SI_b1a04b98-c12f-4123-8093-af32c20ce5f3,view_000,occlusion_30,512,281900,563778,18,0,1.4154408092210737,
SI_b1a04b98-c12f-4123-8093-af32c20ce5f3,view_090,occlusion_30,512,316587,633170,4,0,1.4692925615388794,
SI_b1a04b98-c12f-4123-8093-af32c20ce5f3,view_180,occlusion_30,512,256197,512378,9,0,1.3078398327696126,
SI_b1a04b98-c12f-4123-8093-af32c20ce5f3,view_270,occlusion_30,512,314198,628370,8,0,1.4623881286288578,
SI_fc2bca6b-1f44-4d2c-a1b9-713a33ee0596,view_000,occlusion_30,512,573862,1147352,163,0,2.175140386340457,
SI_fc2bca6b-1f44-4d2c-a1b9-713a33ee0596,view_090,occlusion_30,512,394983,789850,32,0,1.5366524434812237,
SI_fc2bca6b-1f44-4d2c-a1b9-713a33ee0596,view_180,occlusion_30,512,392956,785880,14,0,1.53991226983919,
SI_fc2bca6b-1f44-4d2c-a1b9-713a33ee0596,view_270,occlusion_30,512,453591,907120,26,0,1.7035188710134272,
SI_1f1ec6af-193f-4969-9185-dc5dd587239d,view_000,clean,640,184709,369448,1,0,0.6588700604980027,
SI_1f1ec6af-193f-4969-9185-dc5dd587239d,view_090,clean,640,245669,491340,1,0,0.8338410841321949,
SI_1f1ec6af-193f-4969-9185-dc5dd587239d,view_180,clean,640,191806,383626,7,0,0.8076049413558102,
SI_1f1ec6af-193f-4969-9185-dc5dd587239d,view_270,clean,640,191129,382256,1,0,0.650582185198837,
SI_451bcb49-01f9-4030-9d89-6f976b64572b,view_000,clean,640,514770,1029440,55,0,1.2359620535938123,
SI_451bcb49-01f9-4030-9d89-6f976b64572b,view_090,clean,640,577108,1154116,71,0,1.2604234443402136,
SI_451bcb49-01f9-4030-9d89-6f976b64572b,view_180,clean,640,566750,1133342,73,0,1.2319446810228698,
SI_451bcb49-01f9-4030-9d89-6f976b64572b,view_270,clean,640,496914,993706,49,0,1.181767909371019,
SI_b1a04b98-c12f-4123-8093-af32c20ce5f3,view_000,clean,640,451274,902508,25,0,1.1047025788751128,
SI_b1a04b98-c12f-4123-8093-af32c20ce5f3,view_090,clean,640,300220,600432,8,1,0.824175145748964,0.037824412721725556
SI_b1a04b98-c12f-4123-8093-af32c20ce5f3,view_180,clean,640,423843,847636,26,0,0.9927039091546218,
SI_b1a04b98-c12f-4123-8093-af32c20ce5f3,view_270,clean,640,291866,583730,6,0,0.8475379393256357,
SI_fc2bca6b-1f44-4d2c-a1b9-713a33ee0596,view_000,clean,640,637645,1275138,52,0,1.2924248273902077,
SI_fc2bca6b-1f44-4d2c-a1b9-713a33ee0596,view_090,clean,640,472747,945384,33,0,1.1661134063248648,
SI_fc2bca6b-1f44-4d2c-a1b9-713a33ee0596,view_180,clean,640,603238,1206470,17,0,1.2636033932353317,
SI_fc2bca6b-1f44-4d2c-a1b9-713a33ee0596,view_270,clean,640,483472,966886,23,0,1.1690060758232539,
SI_1f1ec6af-193f-4969-9185-dc5dd587239d,view_000,blur_low,640,83141,166280,1,0,0.43127612212888744,
SI_1f1ec6af-193f-4969-9185-dc5dd587239d,view_090,blur_low,640,179439,358876,2,0,0.6853942265648331,
SI_1f1ec6af-193f-4969-9185-dc5dd587239d,view_180,blur_low,640,89834,179664,3,0,0.3729692887225105,
SI_1f1ec6af-193f-4969-9185-dc5dd587239d,view_270,blur_low,640,102502,205000,1,1,0.42192420898478805,0.009758238634187785
SI_451bcb49-01f9-4030-9d89-6f976b64572b,view_000,blur_low,640,316541,633056,13,0,0.9837160864591472,
SI_451bcb49-01f9-4030-9d89-6f976b64572b,view_090,blur_low,640,306720,613432,9,0,0.951444333078551,
SI_451bcb49-01f9-4030-9d89-6f976b64572b,view_180,blur_low,640,303982,607956,7,0,0.9526713957344148,
SI_451bcb49-01f9-4030-9d89-6f976b64572b,view_270,blur_low,640,382697,765394,11,0,1.0527592279206024,
SI_b1a04b98-c12f-4123-8093-af32c20ce5f3,view_000,blur_low,640,239040,478080,1,0,0.6932161538635581,
SI_b1a04b98-c12f-4123-8093-af32c20ce5f3,view_090,blur_low,640,234448,468896,1,0,0.7215361241109942,
SI_b1a04b98-c12f-4123-8093-af32c20ce5f3,view_180,blur_low,640,224662,449324,1,0,0.6781470976298739,
SI_b1a04b98-c12f-4123-8093-af32c20ce5f3,view_270,blur_low,640,248989,497980,1,0,0.7911770090144022,
SI_fc2bca6b-1f44-4d2c-a1b9-713a33ee0596,view_000,blur_low,640,383173,766344,2,0,1.0943746564493302,
SI_fc2bca6b-1f44-4d2c-a1b9-713a33ee0596,view_090,blur_low,640,386845,773696,1,0,1.067123777938784,
SI_fc2bca6b-1f44-4d2c-a1b9-713a33ee0596,view_180,blur_low,640,438699,877408,1,0,1.1137842474346955,
SI_fc2bca6b-1f44-4d2c-a1b9-713a33ee0596,view_270,blur_low,640,340140,680288,1,0,1.096620146641534,
SI_1f1ec6af-193f-4969-9185-dc5dd587239d,view_000,blur_high,640,82673,165344,1,0,0.3866218103254627,
SI_1f1ec6af-193f-4969-9185-dc5dd587239d,view_090,blur_high,640,162218,324432,2,0,0.6879331082384035,
SI_1f1ec6af-193f-4969-9185-dc5dd587239d,view_180,blur_high,640,71200,142392,2,1,0.33288648646465674,0.005727227569060547
SI_1f1ec6af-193f-4969-9185-dc5dd587239d,view_270,blur_high,640,84504,169008,1,0,0.42059747658431423,
SI_451bcb49-01f9-4030-9d89-6f976b64572b,view_000,blur_high,640,190747,381492,1,0,0.7411262681834375,
SI_451bcb49-01f9-4030-9d89-6f976b64572b,view_090,blur_high,640,198100,396196,1,1,0.7199124475748838,0.02300058677454886
SI_451bcb49-01f9-4030-9d89-6f976b64572b,view_180,blur_high,640,176862,353720,2,0,0.6859394658839114,
SI_451bcb49-01f9-4030-9d89-6f976b64572b,view_270,blur_high,640,190553,381112,1,0,0.7319713417575126,
SI_b1a04b98-c12f-4123-8093-af32c20ce5f3,view_000,blur_high,640,207265,414528,1,0,0.6968215236359836,
SI_b1a04b98-c12f-4123-8093-af32c20ce5f3,view_090,blur_high,640,218260,436516,2,0,0.7186090310180275,
SI_b1a04b98-c12f-4123-8093-af32c20ce5f3,view_180,blur_high,640,201936,403868,1,1,0.6994173262110521,0.011998896573196942
SI_b1a04b98-c12f-4123-8093-af32c20ce5f3,view_270,blur_high,640,216266,432520,4,0,0.7591159547755457,
SI_fc2bca6b-1f44-4d2c-a1b9-713a33ee0596,view_000,blur_high,640,320923,641848,1,0,1.0582189035508576,
SI_fc2bca6b-1f44-4d2c-a1b9-713a33ee0596,view_090,blur_high,640,289193,578392,2,0,0.9716488791295806,
SI_fc2bca6b-1f44-4d2c-a1b9-713a33ee0596,view_180,blur_high,640,309101,618208,1,0,1.0357703300384165,
SI_fc2bca6b-1f44-4d2c-a1b9-713a33ee0596,view_270,blur_high,640,300548,601092,2,0,0.974796926465697,
SI_1f1ec6af-193f-4969-9185-dc5dd587239d,view_000,jpeg_70,640,151334,302672,5,0,0.6532235629813001,
SI_1f1ec6af-193f-4969-9185-dc5dd587239d,view_090,jpeg_70,640,258499,516996,1,0,0.7862995137003234,
SI_1f1ec6af-193f-4969-9185-dc5dd587239d,view_180,jpeg_70,640,190772,381576,2,0,0.7490222415796063,
SI_1f1ec6af-193f-4969-9185-dc5dd587239d,view_270,jpeg_70,640,132363,264728,1,0,0.5158570987433997,
SI_451bcb49-01f9-4030-9d89-6f976b64572b,view_000,jpeg_70,640,448386,896750,16,0,1.1461507745158186,
SI_451bcb49-01f9-4030-9d89-6f976b64572b,view_090,jpeg_70,640,464067,928112,37,0,1.210413252249083,
SI_451bcb49-01f9-4030-9d89-6f976b64572b,view_180,jpeg_70,640,516072,1032074,41,0,1.229069279595689,
SI_451bcb49-01f9-4030-9d89-6f976b64572b,view_270,jpeg_70,640,505780,1011388,55,0,1.1430887824540765,
SI_b1a04b98-c12f-4123-8093-af32c20ce5f3,view_000,jpeg_70,640,341331,682624,13,0,0.8490572140208065,
SI_b1a04b98-c12f-4123-8093-af32c20ce5f3,view_090,jpeg_70,640,244978,489928,11,0,0.7915226027663559,
SI_b1a04b98-c12f-4123-8093-af32c20ce5f3,view_180,jpeg_70,640,295225,590452,1,0,0.7617577955724648,
SI_b1a04b98-c12f-4123-8093-af32c20ce5f3,view_270,jpeg_70,640,251317,502626,9,0,0.8004220851722785,
SI_fc2bca6b-1f44-4d2c-a1b9-713a33ee0596,view_000,jpeg_70,640,589177,1178214,43,0,1.3620733887177237,
SI_fc2bca6b-1f44-4d2c-a1b9-713a33ee0596,view_090,jpeg_70,640,577488,1154910,29,0,1.12370622406866,
SI_fc2bca6b-1f44-4d2c-a1b9-713a33ee0596,view_180,jpeg_70,640,569978,1139954,12,0,1.2443811019881763,
SI_fc2bca6b-1f44-4d2c-a1b9-713a33ee0596,view_270,jpeg_70,640,585862,1171704,13,0,1.134564299256977,
SI_1f1ec6af-193f-4969-9185-dc5dd587239d,view_000,jpeg_35,640,137120,274236,1,1,0.5563298850297979,0.006241616240305409
SI_1f1ec6af-193f-4969-9185-dc5dd587239d,view_090,jpeg_35,640,223307,446620,1,0,0.773536306269799,
SI_1f1ec6af-193f-4969-9185-dc5dd587239d,view_180,jpeg_35,640,237115,474240,3,0,0.8282398737141324,
SI_1f1ec6af-193f-4969-9185-dc5dd587239d,view_270,jpeg_35,640,110064,220128,1,0,0.42840810835671284,
SI_451bcb49-01f9-4030-9d89-6f976b64572b,view_000,jpeg_35,640,485189,970272,60,0,1.3028431784691092,
SI_451bcb49-01f9-4030-9d89-6f976b64572b,view_090,jpeg_35,640,442139,884184,52,0,1.2124580611379754,
SI_451bcb49-01f9-4030-9d89-6f976b64572b,view_180,jpeg_35,640,508833,1017590,47,0,1.3034970417859701,
SI_451bcb49-01f9-4030-9d89-6f976b64572b,view_270,jpeg_35,640,526960,1053790,71,0,1.256822004769952,
SI_b1a04b98-c12f-4123-8093-af32c20ce5f3,view_000,jpeg_35,640,317187,634360,9,0,0.8176121376855722,
SI_b1a04b98-c12f-4123-8093-af32c20ce5f3,view_090,jpeg_35,640,215399,430780,9,0,0.7993049013249498,
SI_b1a04b98-c12f-4123-8093-af32c20ce5f3,view_180,jpeg_35,640,353084,706104,19,0,0.8516023933117497,
SI_b1a04b98-c12f-4123-8093-af32c20ce5f3,view_270,jpeg_35,640,244583,489128,14,0,0.7870949589785861,
SI_fc2bca6b-1f44-4d2c-a1b9-713a33ee0596,view_000,jpeg_35,640,557254,1114396,39,0,1.4032263655759616,
SI_fc2bca6b-1f44-4d2c-a1b9-713a33ee0596,view_090,jpeg_35,640,562173,1124292,22,0,1.1219192964389235,
SI_fc2bca6b-1f44-4d2c-a1b9-713a33ee0596,view_180,jpeg_35,640,555838,1111668,10,0,1.2339509685264722,
SI_fc2bca6b-1f44-4d2c-a1b9-713a33ee0596,view_270,jpeg_35,640,581291,1162536,17,0,1.1329644689036957,
SI_1f1ec6af-193f-4969-9185-dc5dd587239d,view_000,occlusion_15,640,249734,499492,17,0,0.8088542606384567,
SI_1f1ec6af-193f-4969-9185-dc5dd587239d,view_090,occlusion_15,640,274940,549868,6,0,0.8880796727006524,
SI_1f1ec6af-193f-4969-9185-dc5dd587239d,view_180,occlusion_15,640,234164,468326,1,0,0.7728870408959386,
SI_1f1ec6af-193f-4969-9185-dc5dd587239d,view_270,occlusion_15,640,255643,511256,10,0,0.8238750289382262,
SI_451bcb49-01f9-4030-9d89-6f976b64572b,view_000,occlusion_15,640,415113,830176,25,0,1.196602610006768,
SI_451bcb49-01f9-4030-9d89-6f976b64572b,view_090,occlusion_15,640,389823,779576,38,0,1.1061294511206714,
SI_451bcb49-01f9-4030-9d89-6f976b64572b,view_180,occlusion_15,640,354011,707974,27,1,1.1212946754217579,0.04301690799869324
SI_451bcb49-01f9-4030-9d89-6f976b64572b,view_270,occlusion_15,640,377419,754822,8,0,1.1527514756005157,
SI_b1a04b98-c12f-4123-8093-af32c20ce5f3,view_000,occlusion_15,640,481371,962696,16,0,1.3952593141560972,
SI_b1a04b98-c12f-4123-8093-af32c20ce5f3,view_090,occlusion_15,640,386347,772688,4,0,1.0405392820017776,
SI_b1a04b98-c12f-4123-8093-af32c20ce5f3,view_180,occlusion_15,640,435968,871924,7,0,1.3024627775865236,
SI_b1a04b98-c12f-4123-8093-af32c20ce5f3,view_270,occlusion_15,640,399237,798448,10,0,1.0859659036884164,
SI_fc2bca6b-1f44-4d2c-a1b9-713a33ee0596,view_000,occlusion_15,640,793364,1586158,190,0,1.8863387964499583,
SI_fc2bca6b-1f44-4d2c-a1b9-713a33ee0596,view_090,occlusion_15,640,522809,1045492,36,0,1.1871117846576973,
SI_fc2bca6b-1f44-4d2c-a1b9-713a33ee0596,view_180,occlusion_15,640,554276,1108472,31,0,1.3098771656883825,
SI_fc2bca6b-1f44-4d2c-a1b9-713a33ee0596,view_270,occlusion_15,640,565881,1131700,23,0,1.3069887111342882,
SI_1f1ec6af-193f-4969-9185-dc5dd587239d,view_000,occlusion_30,640,319882,639798,58,0,1.093752048070464,
SI_1f1ec6af-193f-4969-9185-dc5dd587239d,view_090,occlusion_30,640,292907,585824,5,0,0.9695138990354156,
SI_1f1ec6af-193f-4969-9185-dc5dd587239d,view_180,occlusion_30,640,253736,507472,3,0,0.8679993181734348,
SI_1f1ec6af-193f-4969-9185-dc5dd587239d,view_270,occlusion_30,640,316643,633286,5,0,1.0060673142683911,
SI_451bcb49-01f9-4030-9d89-6f976b64572b,view_000,occlusion_30,640,425632,851164,33,0,1.324074732276623,
SI_451bcb49-01f9-4030-9d89-6f976b64572b,view_090,occlusion_30,640,454780,909540,31,0,1.41272083367658,
SI_451bcb49-01f9-4030-9d89-6f976b64572b,view_180,occlusion_30,640,408436,816856,17,0,1.3238811828241477,
SI_451bcb49-01f9-4030-9d89-6f976b64572b,view_270,occlusion_30,640,419973,839926,15,0,1.3437846645592049,
SI_b1a04b98-c12f-4123-8093-af32c20ce5f3,view_000,occlusion_30,640,442680,885326,19,0,1.419218301149893,
SI_b1a04b98-c12f-4123-8093-af32c20ce5f3,view_090,occlusion_30,640,496641,993264,6,0,1.4721611314674763,
SI_b1a04b98-c12f-4123-8093-af32c20ce5f3,view_180,occlusion_30,640,401665,803300,10,0,1.3107616905997839,
SI_b1a04b98-c12f-4123-8093-af32c20ce5f3,view_270,occlusion_30,640,492764,985512,8,0,1.4637574607128265,
SI_fc2bca6b-1f44-4d2c-a1b9-713a33ee0596,view_000,occlusion_30,640,904311,1808306,162,0,2.191213983770986,
SI_fc2bca6b-1f44-4d2c-a1b9-713a33ee0596,view_090,occlusion_30,640,619377,1238612,38,0,1.542869237927152,
SI_fc2bca6b-1f44-4d2c-a1b9-713a33ee0596,view_180,occlusion_30,640,616311,1232584,16,0,1.5435607814689938,
SI_fc2bca6b-1f44-4d2c-a1b9-713a33ee0596,view_270,occlusion_30,640,712308,1424554,27,0,1.7112119244595418,
