asset_id,view,resolution,condition,clean_to_perturbed_chamfer
SI_1f1ec6af-193f-4969-9185-dc5dd587239d,view_000,128,blur_low,0.05187340450718257
SI_1f1ec6af-193f-4969-9185-dc5dd587239d,view_090,128,blur_low,0.08376087485103981
SI_1f1ec6af-193f-4969-9185-dc5dd587239d,view_180,128,blur_low,0.052265119706091906
SI_1f1ec6af-193f-4969-9185-dc5dd587239d,view_270,128,blur_low,0.06443793065228375
SI_451bcb49-01f9-4030-9d89-6f976b64572b,view_000,128,blur_low,0.058328831252751165
SI_451bcb49-01f9-4030-9d89-6f976b64572b,view_090,128,blur_low,0.04730636349390402
SI_451bcb49-01f9-4030-9d89-6f976b64572b,view_180,128,blur_low,0.04311924855463246
SI_451bcb49-01f9-4030-9d89-6f976b64572b,view_270,128,blur_low,0.03322486815115429
SI_b1a04b98-c12f-4123-8093-af32c20ce5f3,view_000,128,blur_low,0.06720364945585308
SI_b1a04b98-c12f-4123-8093-af32c20ce5f3,view_090,128,blur_low,0.04323321998490125
SI_b1a04b98-c12f-4123-8093-af32c20ce5f3,view_180,128,blur_low,0.05163321812757572
SI_b1a04b98-c12f-4123-8093-af32c20ce5f3,view_270,128,blur_low,0.032086546922308626
SI_fc2bca6b-1f44-4d2c-a1b9-713a33ee0596,view_000,128,blur_low,0.05297498610320837
SI_fc2bca6b-1f44-4d2c-a1b9-713a33ee0596,view_090,128,blur_low,0.022288931909066126
SI_fc2bca6b-1f44-4d2c-a1b9-713a33ee0596,view_180,128,blur_low,0.024713663299298333
SI_fc2bca6b-1f44-4d2c-a1b9-713a33ee0596,view_270,128,blur_low,0.03239932842010795
SI_1f1ec6af-193f-4969-9185-dc5dd587239d,view_000,128,blur_high,0.049694286822471234
SI_1f1ec6af-193f-4969-9185-dc5dd587239d,view_090,128,blur_high,0.08104946967948845
SI_1f1ec6af-193f-4969-9185-dc5dd587239d,view_180,128,blur_high,0.06325129537535795
SI_1f1ec6af-193f-4969-9185-dc5dd587239d,view_270,128,blur_high,0.06738304075267583
SI_451bcb49-01f9-4030-9d89-6f976b64572b,view_000,128,blur_high,0.07683904564512817
SI_451bcb49-01f9-4030-9d89-6f976b64572b,view_090,128,blur_high,0.06794613921366564
SI_451bcb49-01f9-4030-9d89-6f976b64572b,view_180,128,blur_high,0.07110708237819749
SI_451bcb49-01f9-4030-9d89-6f976b64572b,view_270,128,blur_high,0.07125489723916485
SI_b1a04b98-c12f-4123-8093-af32c20ce5f3,view_000,128,blur_high,0.06731255230227882
SI_b1a04b98-c12f-4123-8093-af32c20ce5f3,view_090,128,blur_high,0.0644410173830938
SI_b1a04b98-c12f-4123-8093-af32c20ce5f3,view_180,128,blur_high,0.048138102372028084
SI_b1a04b98-c12f-4123-8093-af32c20ce5f3,view_270,128,blur_high,0.06262538910438353
SI_fc2bca6b-1f44-4d2c-a1b9-713a33ee0596,view_000,128,blur_high,0.07560862565764631
SI_fc2bca6b-1f44-4d2c-a1b9-713a33ee0596,view_090,128,blur_high,0.06641364143187112
SI_fc2bca6b-1f44-4d2c-a1b9-713a33ee0596,view_180,128,blur_high,0.06951788096562385
SI_fc2bca6b-1f44-4d2c-a1b9-713a33ee0596,view_270,128,blur_high,0.0602048574865708
SI_1f1ec6af-193f-4969-9185-dc5dd587239d,view_000,128,jpeg_70,0.04428569467272228
SI_1f1ec6af-193f-4969-9185-dc5dd587239d,view_090,128,jpeg_70,0.0299585752590721
SI_1f1ec6af-193f-4969-9185-dc5dd587239d,view_180,128,jpeg_70,0.014058074877043874
SI_1f1ec6af-193f-4969-9185-dc5dd587239d,view_270,128,jpeg_70,0.02828923609468826
SI_451bcb49-01f9-4030-9d89-6f976b64572b,view_000,128,jpeg_70,0.03140024744593334
SI_451bcb49-01f9-4030-9d89-6f976b64572b,view_090,128,jpeg_70,0.019008667966271806
SI_451bcb49-01f9-4030-9d89-6f976b64572b,view_180,128,jpeg_70,0.013066101027346845
SI_451bcb49-01f9-4030-9d89-6f976b64572b,view_270,128,jpeg_70,0.012778908533939473
SI_b1a04b98-c12f-4123-8093-af32c20ce5f3,view_000,128,jpeg_70,0.04672484915087869
SI_b1a04b98-c12f-4123-8093-af32c20ce5f3,view_090,128,jpeg_70,0.016287546197994565
SI_b1a04b98-c12f-4123-8093-af32c20ce5f3,view_180,128,jpeg_70,0.03906772707886469
SI_b1a04b98-c12f-4123-8093-af32c20ce5f3,view_270,128,jpeg_70,0.021741843626498086
SI_fc2bca6b-1f44-4d2c-a1b9-713a33ee0596,view_000,128,jpeg_70,0.015579227930780294
SI_fc2bca6b-1f44-4d2c-a1b9-713a33ee0596,view_090,128,jpeg_70,0.010404040346360792
SI_fc2bca6b-1f44-4d2c-a1b9-713a33ee0596,view_180,128,jpeg_70,0.010766001137965301
SI_fc2bca6b-1f44-4d2c-a1b9-713a33ee0596,view_270,128,jpeg_70,0.009458881436727962
SI_1f1ec6af-193f-4969-9185-dc5dd587239d,view_000,128,jpeg_35,0.01611915655808596
SI_1f1ec6af-193f-4969-9185-dc5dd587239d,view_090,128,jpeg_35,0.043239393940903995
SI_1f1ec6af-193f-4969-9185-dc5dd587239d,view_180,128,jpeg_35,0.01576706018939138
SI_1f1ec6af-193f-4969-9185-dc5dd587239d,view_270,128,jpeg_35,0.0508279597597886
SI_451bcb49-01f9-4030-9d89-6f976b64572b,view_000,128,jpeg_35,0.04965901537730044
SI_451bcb49-01f9-4030-9d89-6f976b64572b,view_090,128,jpeg_35,0.02861361988634825
SI_451bcb49-01f9-4030-9d89-6f976b64572b,view_180,128,jpeg_35,0.01924931611973142
SI_451bcb49-01f9-4030-9d89-6f976b64572b,view_270,128,jpeg_35,0.017845297781101173
SI_b1a04b98-c12f-4123-8093-af32c20ce5f3,view_000,128,jpeg_35,0.05599163615025768
SI_b1a04b98-c12f-4123-8093-af32c20ce5f3,view_090,128,jpeg_35,0.019736361049840057
SI_b1a04b98-c12f-4123-8093-af32c20ce5f3,view_180,128,jpeg_35,0.03336981196084131
SI_b1a04b98-c12f-4123-8093-af32c20ce5f3,view_270,128,jpeg_35,0.02596044392251578
SI_fc2bca6b-1f44-4d2c-a1b9-713a33ee0596,view_000,128,jpeg_35,0.024234636312201685
SI_fc2bca6b-1f44-4d2c-a1b9-713a33ee0596,view_090,128,jpeg_35,0.014494209055384566
SI_fc2bca6b-1f44-4d2c-a1b9-713a33ee0596,view_180,128,jpeg_35,0.011360390761038766
SI_fc2bca6b-1f44-4d2c-a1b9-713a33ee0596,view_270,128,jpeg_35,0.010202886569214427
SI_1f1ec6af-193f-4969-9185-dc5dd587239d,view_000,128,occlusion_15,0.06897412329366329
SI_1f1ec6af-193f-4969-9185-dc5dd587239d,view_090,128,occlusion_15,0.07629496731234531
SI_1f1ec6af-193f-4969-9185-dc5dd587239d,view_180,128,occlusion_15,0.03700359386144898
SI_1f1ec6af-193f-4969-9185-dc5dd587239d,view_270,128,occlusion_15,0.07721652026095735
SI_451bcb49-01f9-4030-9d89-6f976b64572b,view_000,128,occlusion_15,0.06118215074993433
SI_451bcb49-01f9-4030-9d89-6f976b64572b,view_090,128,occlusion_15,0.05122065786294125
SI_451bcb49-01f9-4030-9d89-6f976b64572b,view_180,128,occlusion_15,0.06506678597387756
SI_451bcb49-01f9-4030-9d89-6f976b64572b,view_270,128,occlusion_15,0.06357128732232528
SI_b1a04b98-c12f-4123-8093-af32c20ce5f3,view_000,128,occlusion_15,0.04012436739875961
SI_b1a04b98-c12f-4123-8093-af32c20ce5f3,view_090,128,occlusion_15,0.10657262953347815
SI_b1a04b98-c12f-4123-8093-af32c20ce5f3,view_180,128,occlusion_15,0.040771904166790336
SI_b1a04b98-c12f-4123-8093-af32c20ce5f3,view_270,128,occlusion_15,0.11161309539749803
SI_fc2bca6b-1f44-4d2c-a1b9-713a33ee0596,view_000,128,occlusion_15,0.05247996681319121
SI_fc2bca6b-1f44-4d2c-a1b9-713a33ee0596,view_090,128,occlusion_15,0.04990794350351872
SI_fc2bca6b-1f44-4d2c-a1b9-713a33ee0596,view_180,128,occlusion_15,0.04755487237046002
SI_fc2bca6b-1f44-4d2c-a1b9-713a33ee0596,view_270,128,occlusion_15,0.04942886158175579
SI_1f1ec6af-193f-4969-9185-dc5dd587239d,view_000,128,occlusion_30,0.052564028572756036
SI_1f1ec6af-193f-4969-9185-dc5dd587239d,view_090,128,occlusion_30,0.08748925891045867
SI_1f1ec6af-193f-4969-9185-dc5dd587239d,view_180,128,occlusion_30,0.03726625762640213
SI_1f1ec6af-193f-4969-9185-dc5dd587239d,view_270,128,occlusion_30,0.08403154421663157
SI_451bcb49-01f9-4030-9d89-6f976b64572b,view_000,128,occlusion_30,0.06758428453118165
SI_451bcb49-01f9-4030-9d89-6f976b64572b,view_090,128,occlusion_30,0.05684274884542194
SI_451bcb49-01f9-4030-9d89-6f976b64572b,view_180,128,occlusion_30,0.06507814596878334
SI_451bcb49-01f9-4030-9d89-6f976b64572b,view_270,128,occlusion_30,0.06393612415257337
SI_b1a04b98-c12f-4123-8093-af32c20ce5f3,view_000,128,occlusion_30,0.049494243301913016
SI_b1a04b98-c12f-4123-8093-af32c20ce5f3,view_090,128,occlusion_30,0.08381838178929821
SI_b1a04b98-c12f-4123-8093-af32c20ce5f3,view_180,128,occlusion_30,0.052072919193655295
SI_b1a04b98-c12f-4123-8093-af32c20ce5f3,view_270,128,occlusion_30,0.08390128405891743
SI_fc2bca6b-1f44-4d2c-a1b9-713a33ee0596,view_000,128,occlusion_30,0.048711792003293786
SI_fc2bca6b-1f44-4d2c-a1b9-713a33ee0596,view_090,128,occlusion_30,0.048069632577111755
SI_fc2bca6b-1f44-4d2c-a1b9-713a33ee0596,view_180,128,occlusion_30,0.04458070390382847
SI_fc2bca6b-1f44-4d2c-a1b9-713a33ee0596,view_270,128,occlusion_30,0.048783777333773384
SI_1f1ec6af-193f-4969-9185-dc5dd587239d,view_000,192,blur_low,0.052957750071894516
SI_1f1ec6af-193f-4969-9185-dc5dd587239d,view_090,192,blur_low,0.08451179469821438
SI_1f1ec6af-193f-4969-9185-dc5dd587239d,view_180,192,blur_low,0.05150358060675382
SI_1f1ec6af-193f-4969-9185-dc5dd587239d,view_270,192,blur_low,0.06398566700806647
SI_451bcb49-01f9-4030-9d89-6f976b64572b,view_000,192,blur_low,0.05654171528734059
SI_451bcb49-01f9-4030-9d89-6f976b64572b,view_090,192,blur_low,0.0462942453280977
SI_451bcb49-01f9-4030-9d89-6f976b64572b,view_180,192,blur_low,0.04189480745628235
SI_451bcb49-01f9-4030-9d89-6f976b64572b,view_270,192,blur_low,0.032562587632373755
SI_b1a04b98-c12f-4123-8093-af32c20ce5f3,view_000,192,blur_low,0.0659947313523818
SI_b1a04b98-c12f-4123-8093-af32c20ce5f3,view_090,192,blur_low,0.04379662207902248
SI_b1a04b98-c12f-4123-8093-af32c20ce5f3,view_180,192,blur_low,0.05128252787579615
SI_b1a04b98-c12f-4123-8093-af32c20ce5f3,view_270,192,blur_low,0.030887725301205975
SI_fc2bca6b-1f44-4d2c-a1b9-713a33ee0596,view_000,192,blur_low,0.05296493135869258
SI_fc2bca6b-1f44-4d2c-a1b9-713a33ee0596,view_090,192,blur_low,0.02228067126544079
SI_fc2bca6b-1f44-4d2c-a1b9-713a33ee0596,view_180,192,blur_low,0.02506087942778671
SI_fc2bca6b-1f44-4d2c-a1b9-713a33ee0596,view_270,192,blur_low,0.03220727568350859
SI_1f1ec6af-193f-4969-9185-dc5dd587239d,view_000,192,blur_high,0.05079880521688218
SI_1f1ec6af-193f-4969-9185-dc5dd587239d,view_090,192,blur_high,0.08246975276092845
SI_1f1ec6af-193f-4969-9185-dc5dd587239d,view_180,192,blur_high,0.06386210086358893
SI_1f1ec6af-193f-4969-9185-dc5dd587239d,view_270,192,blur_high,0.06825128582660249
SI_451bcb49-01f9-4030-9d89-6f976b64572b,view_000,192,blur_high,0.07607893272317579
SI_451bcb49-01f9-4030-9d89-6f976b64572b,view_090,192,blur_high,0.06754838194080297
SI_451bcb49-01f9-4030-9d89-6f976b64572b,view_180,192,blur_high,0.06883647515558043
SI_451bcb49-01f9-4030-9d89-6f976b64572b,view_270,192,blur_high,0.07135881027802253
SI_b1a04b98-c12f-4123-8093-af32c20ce5f3,view_000,192,blur_high,0.06570965950834529
SI_b1a04b98-c12f-4123-8093-af32c20ce5f3,view_090,192,blur_high,0.06394828586191326
SI_b1a04b98-c12f-4123-8093-af32c20ce5f3,view_180,192,blur_high,0.04729619593584124
SI_b1a04b98-c12f-4123-8093-af32c20ce5f3,view_270,192,blur_high,0.06184719157264908
SI_fc2bca6b-1f44-4d2c-a1b9-713a33ee0596,view_000,192,blur_high,0.07556442988512749
SI_fc2bca6b-1f44-4d2c-a1b9-713a33ee0596,view_090,192,blur_high,0.06754695172184023
SI_fc2bca6b-1f44-4d2c-a1b9-713a33ee0596,view_180,192,blur_high,0.07081631571783661
SI_fc2bca6b-1f44-4d2c-a1b9-713a33ee0596,view_270,192,blur_high,0.06076326119203602
SI_1f1ec6af-193f-4969-9185-dc5dd587239d,view_000,192,jpeg_70,0.045452487494996904
SI_1f1ec6af-193f-4969-9185-dc5dd587239d,view_090,192,jpeg_70,0.030896898920304425
SI_1f1ec6af-193f-4969-9185-dc5dd587239d,view_180,192,jpeg_70,0.011516002754224016
SI_1f1ec6af-193f-4969-9185-dc5dd587239d,view_270,192,jpeg_70,0.027876266611437897
SI_451bcb49-01f9-4030-9d89-6f976b64572b,view_000,192,jpeg_70,0.029590223279170647
SI_451bcb49-01f9-4030-9d89-6f976b64572b,view_090,192,jpeg_70,0.01886147672385075
SI_451bcb49-01f9-4030-9d89-6f976b64572b,view_180,192,jpeg_70,0.01308571244719
SI_451bcb49-01f9-4030-9d89-6f976b64572b,view_270,192,jpeg_70,0.013306063902841848
SI_b1a04b98-c12f-4123-8093-af32c20ce5f3,view_000,192,jpeg_70,0.04614536150675013
SI_b1a04b98-c12f-4123-8093-af32c20ce5f3,view_090,192,jpeg_70,0.01615965016238685
SI_b1a04b98-c12f-4123-8093-af32c20ce5f3,view_180,192,jpeg_70,0.03800449607199383
SI_b1a04b98-c12f-4123-8093-af32c20ce5f3,view_270,192,jpeg_70,0.021943029067535168
SI_fc2bca6b-1f44-4d2c-a1b9-713a33ee0596,view_000,192,jpeg_70,0.0157122914790179
SI_fc2bca6b-1f44-4d2c-a1b9-713a33ee0596,view_090,192,jpeg_70,0.01032211129622122
SI_fc2bca6b-1f44-4d2c-a1b9-713a33ee0596,view_180,192,jpeg_70,0.010476713108124697
SI_fc2bca6b-1f44-4d2c-a1b9-713a33ee0596,view_270,192,jpeg_70,0.00944399790162484
SI_1f1ec6af-193f-4969-9185-dc5dd587239d,view_000,192,jpeg_35,0.015883096946318877
SI_1f1ec6af-193f-4969-9185-dc5dd587239d,view_090,192,jpeg_35,0.04340241215621106
SI_1f1ec6af-193f-4969-9185-dc5dd587239d,view_180,192,jpeg_35,0.014485567877324279
SI_1f1ec6af-193f-4969-9185-dc5dd587239d,view_270,192,jpeg_35,0.05079814992850979
SI_451bcb49-01f9-4030-9d89-6f976b64572b,view_000,192,jpeg_35,0.04681823347891285
SI_451bcb49-01f9-4030-9d89-6f976b64572b,view_090,192,jpeg_35,0.028567132832718473
SI_451bcb49-01f9-4030-9d89-6f976b64572b,view_180,192,jpeg_35,0.018863852019338684
SI_451bcb49-01f9-4030-9d89-6f976b64572b,view_270,192,jpeg_35,0.01825859712449028
SI_b1a04b98-c12f-4123-8093-af32c20ce5f3,view_000,192,jpeg_35,0.055142475493191026
SI_b1a04b98-c12f-4123-8093-af32c20ce5f3,view_090,192,jpeg_35,0.019510513100880037
SI_b1a04b98-c12f-4123-8093-af32c20ce5f3,view_180,192,jpeg_35,0.03284934264948343
SI_b1a04b98-c12f-4123-8093-af32c20ce5f3,view_270,192,jpeg_35,0.02613642679273637
SI_fc2bca6b-1f44-4d2c-a1b9-713a33ee0596,view_000,192,jpeg_35,0.02377975502768706
SI_fc2bca6b-1f44-4d2c-a1b9-713a33ee0596,view_090,192,jpeg_35,0.014512022029623348
SI_fc2bca6b-1f44-4d2c-a1b9-713a33ee0596,view_180,192,jpeg_35,0.011149200543418194
SI_fc2bca6b-1f44-4d2c-a1b9-713a33ee0596,view_270,192,jpeg_35,0.010332074680437113
SI_1f1ec6af-193f-4969-9185-dc5dd587239d,view_000,192,occlusion_15,0.06753718665871493
SI_1f1ec6af-193f-4969-9185-dc5dd587239d,view_090,192,occlusion_15,0.07538937208798178
SI_1f1ec6af-193f-4969-9185-dc5dd587239d,view_180,192,occlusion_15,0.03765330083661035
SI_1f1ec6af-193f-4969-9185-dc5dd587239d,view_270,192,occlusion_15,0.07784186241961534
SI_451bcb49-01f9-4030-9d89-6f976b64572b,view_000,192,occlusion_15,0.05837076054350761
SI_451bcb49-01f9-4030-9d89-6f976b64572b,view_090,192,occlusion_15,0.048775150737224396
SI_451bcb49-01f9-4030-9d89-6f976b64572b,view_180,192,occlusion_15,0.061851039178495756
SI_451bcb49-01f9-4030-9d89-6f976b64572b,view_270,192,occlusion_15,0.06195234964840916
SI_b1a04b98-c12f-4123-8093-af32c20ce5f3,view_000,192,occlusion_15,0.03956013434863266
SI_b1a04b98-c12f-4123-8093-af32c20ce5f3,view_090,192,occlusion_15,0.10678552535102229
SI_b1a04b98-c12f-4123-8093-af32c20ce5f3,view_180,192,occlusion_15,0.04091256435017797
SI_b1a04b98-c12f-4123-8093-af32c20ce5f3,view_270,192,occlusion_15,0.1118081248041861
SI_fc2bca6b-1f44-4d2c-a1b9-713a33ee0596,view_000,192,occlusion_15,0.05486891770462288
SI_fc2bca6b-1f44-4d2c-a1b9-713a33ee0596,view_090,192,occlusion_15,0.04866732922163061
SI_fc2bca6b-1f44-4d2c-a1b9-713a33ee0596,view_180,192,occlusion_15,0.0474669088726619
SI_fc2bca6b-1f44-4d2c-a1b9-713a33ee0596,view_270,192,occlusion_15,0.048157394329900974
SI_1f1ec6af-193f-4969-9185-dc5dd587239d,view_000,192,occlusion_30,0.05006574190557703
SI_1f1ec6af-193f-4969-9185-dc5dd587239d,view_090,192,occlusion_30,0.08709190611057056
SI_1f1ec6af-193f-4969-9185-dc5dd587239d,view_180,192,occlusion_30,0.036827361620167226
SI_1f1ec6af-193f-4969-9185-dc5dd587239d,view_270,192,occlusion_30,0.08431889564696797
SI_451bcb49-01f9-4030-9d89-6f976b64572b,view_000,192,occlusion_30,0.06673211103739642
SI_451bcb49-01f9-4030-9d89-6f976b64572b,view_090,192,occlusion_30,0.05608475698866125
SI_451bcb49-01f9-4030-9d89-6f976b64572b,view_180,192,occlusion_30,0.06393386556876278
SI_451bcb49-01f9-4030-9d89-6f976b64572b,view_270,192,occlusion_30,0.06381854828928818
SI_b1a04b98-c12f-4123-8093-af32c20ce5f3,view_000,192,occlusion_30,0.04901328594731213
SI_b1a04b98-c12f-4123-8093-af32c20ce5f3,view_090,192,occlusion_30,0.08392970034044503
SI_b1a04b98-c12f-4123-8093-af32c20ce5f3,view_180,192,occlusion_30,0.051385076750215954
SI_b1a04b98-c12f-4123-8093-af32c20ce5f3,view_270,192,occlusion_30,0.08433095223858048
SI_fc2bca6b-1f44-4d2c-a1b9-713a33ee0596,view_000,192,occlusion_30,0.04935890172600465
SI_fc2bca6b-1f44-4d2c-a1b9-713a33ee0596,view_090,192,occlusion_30,0.04842266511002352
SI_fc2bca6b-1f44-4d2c-a1b9-713a33ee0596,view_180,192,occlusion_30,0.04469898456315052
SI_fc2bca6b-1f44-4d2c-a1b9-713a33ee0596,view_270,192,occlusion_30,0.04824183493136764
SI_1f1ec6af-193f-4969-9185-dc5dd587239d,view_000,256,blur_low,0.05284380660302321
SI_1f1ec6af-193f-4969-9185-dc5dd587239d,view_090,256,blur_low,0.08367928914984996
SI_1f1ec6af-193f-4969-9185-dc5dd587239d,view_180,256,blur_low,0.051912101278282274
SI_1f1ec6af-193f-4969-9185-dc5dd587239d,view_270,256,blur_low,0.0645250222581589
SI_451bcb49-01f9-4030-9d89-6f976b64572b,view_000,256,blur_low,0.056186497061994765
SI_451bcb49-01f9-4030-9d89-6f976b64572b,view_090,256,blur_low,0.04686100651610393
SI_451bcb49-01f9-4030-9d89-6f976b64572b,view_180,256,blur_low,0.04203660119713212
SI_451bcb49-01f9-4030-9d89-6f976b64572b,view_270,256,blur_low,0.03334408993497323
SI_b1a04b98-c12f-4123-8093-af32c20ce5f3,view_000,256,blur_low,0.06713930888363437
SI_b1a04b98-c12f-4123-8093-af32c20ce5f3,view_090,256,blur_low,0.04389907461423555
SI_b1a04b98-c12f-4123-8093-af32c20ce5f3,view_180,256,blur_low,0.05113636481338006
SI_b1a04b98-c12f-4123-8093-af32c20ce5f3,view_270,256,blur_low,0.030942801440968875
SI_fc2bca6b-1f44-4d2c-a1b9-713a33ee0596,view_000,256,blur_low,0.05298715328433687
SI_fc2bca6b-1f44-4d2c-a1b9-713a33ee0596,view_090,256,blur_low,0.02250115489656248
SI_fc2bca6b-1f44-4d2c-a1b9-713a33ee0596,view_180,256,blur_low,0.02524448348217293
SI_fc2bca6b-1f44-4d2c-a1b9-713a33ee0596,view_270,256,blur_low,0.03236782886564728
SI_1f1ec6af-193f-4969-9185-dc5dd587239d,view_000,256,blur_high,0.05064740271020468
SI_1f1ec6af-193f-4969-9185-dc5dd587239d,view_090,256,blur_high,0.08183081246430406
SI_1f1ec6af-193f-4969-9185-dc5dd587239d,view_180,256,blur_high,0.06438384839635392
SI_1f1ec6af-193f-4969-9185-dc5dd587239d,view_270,256,blur_high,0.06889480297707518
SI_451bcb49-01f9-4030-9d89-6f976b64572b,view_000,256,blur_high,0.075342710076457
SI_451bcb49-01f9-4030-9d89-6f976b64572b,view_090,256,blur_high,0.06821726493084751
SI_451bcb49-01f9-4030-9d89-6f976b64572b,view_180,256,blur_high,0.06951102374312003
SI_451bcb49-01f9-4030-9d89-6f976b64572b,view_270,256,blur_high,0.07257483306490861
SI_b1a04b98-c12f-4123-8093-af32c20ce5f3,view_000,256,blur_high,0.06615484044393151
SI_b1a04b98-c12f-4123-8093-af32c20ce5f3,view_090,256,blur_high,0.06363427285681672
SI_b1a04b98-c12f-4123-8093-af32c20ce5f3,view_180,256,blur_high,0.04791571161853758
SI_b1a04b98-c12f-4123-8093-af32c20ce5f3,view_270,256,blur_high,0.06268091025037453
SI_fc2bca6b-1f44-4d2c-a1b9-713a33ee0596,view_000,256,blur_high,0.07565868627613868
SI_fc2bca6b-1f44-4d2c-a1b9-713a33ee0596,view_090,256,blur_high,0.0672710343210662
SI_fc2bca6b-1f44-4d2c-a1b9-713a33ee0596,view_180,256,blur_high,0.07155994493739337
SI_fc2bca6b-1f44-4d2c-a1b9-713a33ee0596,view_270,256,blur_high,0.060698344301768535
SI_1f1ec6af-193f-4969-9185-dc5dd587239d,view_000,256,jpeg_70,0.046287898205559924
SI_1f1ec6af-193f-4969-9185-dc5dd587239d,view_090,256,jpeg_70,0.030654056114672004
SI_1f1ec6af-193f-4969-9185-dc5dd587239d,view_180,256,jpeg_70,0.010933135333604248
SI_1f1ec6af-193f-4969-9185-dc5dd587239d,view_270,256,jpeg_70,0.028479129951347645
SI_451bcb49-01f9-4030-9d89-6f976b64572b,view_000,256,jpeg_70,0.02946705934727468
SI_451bcb49-01f9-4030-9d89-6f976b64572b,view_090,256,jpeg_70,0.01847741220755296
SI_451bcb49-01f9-4030-9d89-6f976b64572b,view_180,256,jpeg_70,0.012628879441510348
SI_451bcb49-01f9-4030-9d89-6f976b64572b,view_270,256,jpeg_70,0.013335487518256493
SI_b1a04b98-c12f-4123-8093-af32c20ce5f3,view_000,256,jpeg_70,0.04613223004390045
SI_b1a04b98-c12f-4123-8093-af32c20ce5f3,view_090,256,jpeg_70,0.016065002244955093
SI_b1a04b98-c12f-4123-8093-af32c20ce5f3,view_180,256,jpeg_70,0.037958892331541996
SI_b1a04b98-c12f-4123-8093-af32c20ce5f3,view_270,256,jpeg_70,0.021709450361558816
SI_fc2bca6b-1f44-4d2c-a1b9-713a33ee0596,view_000,256,jpeg_70,0.015443994548087897
SI_fc2bca6b-1f44-4d2c-a1b9-713a33ee0596,view_090,256,jpeg_70,0.010380097028925395
SI_fc2bca6b-1f44-4d2c-a1b9-713a33ee0596,view_180,256,jpeg_70,0.010650998907450294
SI_fc2bca6b-1f44-4d2c-a1b9-713a33ee0596,view_270,256,jpeg_70,0.009497316110286178
SI_1f1ec6af-193f-4969-9185-dc5dd587239d,view_000,256,jpeg_35,0.015754354634456583
SI_1f1ec6af-193f-4969-9185-dc5dd587239d,view_090,256,jpeg_35,0.042774208232465694
SI_1f1ec6af-193f-4969-9185-dc5dd587239d,view_180,256,jpeg_35,0.014546258715902009
SI_1f1ec6af-193f-4969-9185-dc5dd587239d,view_270,256,jpeg_35,0.0515087363873534
SI_451bcb49-01f9-4030-9d89-6f976b64572b,view_000,256,jpeg_35,0.04680369643982821
SI_451bcb49-01f9-4030-9d89-6f976b64572b,view_090,256,jpeg_35,0.02856382458214885
SI_451bcb49-01f9-4030-9d89-6f976b64572b,view_180,256,jpeg_35,0.018740194277503286
SI_451bcb49-01f9-4030-9d89-6f976b64572b,view_270,256,jpeg_35,0.018581614023364185
SI_b1a04b98-c12f-4123-8093-af32c20ce5f3,view_000,256,jpeg_35,0.05540304002140754
SI_b1a04b98-c12f-4123-8093-af32c20ce5f3,view_090,256,jpeg_35,0.019308666554144534
SI_b1a04b98-c12f-4123-8093-af32c20ce5f3,view_180,256,jpeg_35,0.03291209291748162
SI_b1a04b98-c12f-4123-8093-af32c20ce5f3,view_270,256,jpeg_35,0.02606926325021206
SI_fc2bca6b-1f44-4d2c-a1b9-713a33ee0596,view_000,256,jpeg_35,0.0238214210271986
SI_fc2bca6b-1f44-4d2c-a1b9-713a33ee0596,view_090,256,jpeg_35,0.014483820572375801
SI_fc2bca6b-1f44-4d2c-a1b9-713a33ee0596,view_180,256,jpeg_35,0.01140994580885998
SI_fc2bca6b-1f44-4d2c-a1b9-713a33ee0596,view_270,256,jpeg_35,0.010328242719356444
SI_1f1ec6af-193f-4969-9185-dc5dd587239d,view_000,256,occlusion_15,0.06769794695002394
SI_1f1ec6af-193f-4969-9185-dc5dd587239d,view_090,256,occlusion_15,0.07575331654995093
SI_1f1ec6af-193f-4969-9185-dc5dd587239d,view_180,256,occlusion_15,0.037140587507353294
SI_1f1ec6af-193f-4969-9185-dc5dd587239d,view_270,256,occlusion_15,0.07793242820320519
SI_451bcb49-01f9-4030-9d89-6f976b64572b,view_000,256,occlusion_15,0.05815605060709142
SI_451bcb49-01f9-4030-9d89-6f976b64572b,view_090,256,occlusion_15,0.0503824819238443
SI_451bcb49-01f9-4030-9d89-6f976b64572b,view_180,256,occlusion_15,0.06258660614723563
SI_451bcb49-01f9-4030-9d89-6f976b64572b,view_270,256,occlusion_15,0.06263692759638884
SI_b1a04b98-c12f-4123-8093-af32c20ce5f3,view_000,256,occlusion_15,0.040023665089595026
SI_b1a04b98-c12f-4123-8093-af32c20ce5f3,view_090,256,occlusion_15,0.1081408106644972
SI_b1a04b98-c12f-4123-8093-af32c20ce5f3,view_180,256,occlusion_15,0.04039049974206188
SI_b1a04b98-c12f-4123-8093-af32c20ce5f3,view_270,256,occlusion_15,0.11270270452875628
SI_fc2bca6b-1f44-4d2c-a1b9-713a33ee0596,view_000,256,occlusion_15,0.05449250404972972
SI_fc2bca6b-1f44-4d2c-a1b9-713a33ee0596,view_090,256,occlusion_15,0.04966525039121837
SI_fc2bca6b-1f44-4d2c-a1b9-713a33ee0596,view_180,256,occlusion_15,0.047571018701635354
SI_fc2bca6b-1f44-4d2c-a1b9-713a33ee0596,view_270,256,occlusion_15,0.049564645217661255
SI_1f1ec6af-193f-4969-9185-dc5dd587239d,view_000,256,occlusion_30,0.05072302110402044
SI_1f1ec6af-193f-4969-9185-dc5dd587239d,view_090,256,occlusion_30,0.0877812220231564
SI_1f1ec6af-193f-4969-9185-dc5dd587239d,view_180,256,occlusion_30,0.0369420834257332
SI_1f1ec6af-193f-4969-9185-dc5dd587239d,view_270,256,occlusion_30,0.08606074248606181
SI_451bcb49-01f9-4030-9d89-6f976b64572b,view_000,256,occlusion_30,0.06541990664311857
SI_451bcb49-01f9-4030-9d89-6f976b64572b,view_090,256,occlusion_30,0.0552967028499211
SI_451bcb49-01f9-4030-9d89-6f976b64572b,view_180,256,occlusion_30,0.06404483754702041
SI_451bcb49-01f9-4030-9d89-6f976b64572b,view_270,256,occlusion_30,0.06399166936131075
SI_b1a04b98-c12f-4123-8093-af32c20ce5f3,view_000,256,occlusion_30,0.04965541528702257
SI_b1a04b98-c12f-4123-8093-af32c20ce5f3,view_090,256,occlusion_30,0.0835833387390784
SI_b1a04b98-c12f-4123-8093-af32c20ce5f3,view_180,256,occlusion_30,0.051227547733303624
SI_b1a04b98-c12f-4123-8093-af32c20ce5f3,view_270,256,occlusion_30,0.08469098987690504
SI_fc2bca6b-1f44-4d2c-a1b9-713a33ee0596,view_000,256,occlusion_30,0.04957711637246372
SI_fc2bca6b-1f44-4d2c-a1b9-713a33ee0596,view_090,256,occlusion_30,0.048408529496790975
SI_fc2bca6b-1f44-4d2c-a1b9-713a33ee0596,view_180,256,occlusion_30,0.044766971391345195
SI_fc2bca6b-1f44-4d2c-a1b9-713a33ee0596,view_270,256,occlusion_30,0.04815702602720781
SI_1f1ec6af-193f-4969-9185-dc5dd587239d,view_000,320,blur_low,0.05277327961253524
SI_1f1ec6af-193f-4969-9185-dc5dd587239d,view_090,320,blur_low,0.08369456776863624
SI_1f1ec6af-193f-4969-9185-dc5dd587239d,view_180,320,blur_low,0.0513635092199658
SI_1f1ec6af-193f-4969-9185-dc5dd587239d,view_270,320,blur_low,0.06558875404512085
SI_451bcb49-01f9-4030-9d89-6f976b64572b,view_000,320,blur_low,0.05614057794057565
SI_451bcb49-01f9-4030-9d89-6f976b64572b,view_090,320,blur_low,0.047063916076569665
SI_451bcb49-01f9-4030-9d89-6f976b64572b,view_180,320,blur_low,0.04160412106695859
SI_451bcb49-01f9-4030-9d89-6f976b64572b,view_270,320,blur_low,0.032658775659555106
SI_b1a04b98-c12f-4123-8093-af32c20ce5f3,view_000,320,blur_low,0.06715059086864145
SI_b1a04b98-c12f-4123-8093-af32c20ce5f3,view_090,320,blur_low,0.04325664401003299
SI_b1a04b98-c12f-4123-8093-af32c20ce5f3,view_180,320,blur_low,0.05125690458630787
SI_b1a04b98-c12f-4123-8093-af32c20ce5f3,view_270,320,blur_low,0.030388546983077348
SI_fc2bca6b-1f44-4d2c-a1b9-713a33ee0596,view_000,320,blur_low,0.05304329959716813
SI_fc2bca6b-1f44-4d2c-a1b9-713a33ee0596,view_090,320,blur_low,0.022287824808453927
SI_fc2bca6b-1f44-4d2c-a1b9-713a33ee0596,view_180,320,blur_low,0.02531499218643824
SI_fc2bca6b-1f44-4d2c-a1b9-713a33ee0596,view_270,320,blur_low,0.03202886298520401
SI_1f1ec6af-193f-4969-9185-dc5dd587239d,view_000,320,blur_high,0.0512981490430227
SI_1f1ec6af-193f-4969-9185-dc5dd587239d,view_090,320,blur_high,0.0812092424640277
SI_1f1ec6af-193f-4969-9185-dc5dd587239d,view_180,320,blur_high,0.06430683878580228
SI_1f1ec6af-193f-4969-9185-dc5dd587239d,view_270,320,blur_high,0.06932166686899698
SI_451bcb49-01f9-4030-9d89-6f976b64572b,view_000,320,blur_high,0.07620240285894636
SI_451bcb49-01f9-4030-9d89-6f976b64572b,view_090,320,blur_high,0.06925331196055526
SI_451bcb49-01f9-4030-9d89-6f976b64572b,view_180,320,blur_high,0.06955376003702338
SI_451bcb49-01f9-4030-9d89-6f976b64572b,view_270,320,blur_high,0.07093344842283039
SI_b1a04b98-c12f-4123-8093-af32c20ce5f3,view_000,320,blur_high,0.06637172155379023
SI_b1a04b98-c12f-4123-8093-af32c20ce5f3,view_090,320,blur_high,0.06270087533310403
SI_b1a04b98-c12f-4123-8093-af32c20ce5f3,view_180,320,blur_high,0.0471773500460446
SI_b1a04b98-c12f-4123-8093-af32c20ce5f3,view_270,320,blur_high,0.06258048324268685
SI_fc2bca6b-1f44-4d2c-a1b9-713a33ee0596,view_000,320,blur_high,0.07483981838660256
SI_fc2bca6b-1f44-4d2c-a1b9-713a33ee0596,view_090,320,blur_high,0.06765836272421624
SI_fc2bca6b-1f44-4d2c-a1b9-713a33ee0596,view_180,320,blur_high,0.07164821865462284
SI_fc2bca6b-1f44-4d2c-a1b9-713a33ee0596,view_270,320,blur_high,0.060485472810731
SI_1f1ec6af-193f-4969-9185-dc5dd587239d,view_000,320,jpeg_70,0.045977015538724665
SI_1f1ec6af-193f-4969-9185-dc5dd587239d,view_090,320,jpeg_70,0.030631792439529758
SI_1f1ec6af-193f-4969-9185-dc5dd587239d,view_180,320,jpeg_70,0.011177393747970544
SI_1f1ec6af-193f-4969-9185-dc5dd587239d,view_270,320,jpeg_70,0.02915444152837384
SI_451bcb49-01f9-4030-9d89-6f976b64572b,view_000,320,jpeg_70,0.029570830224703547
SI_451bcb49-01f9-4030-9d89-6f976b64572b,view_090,320,jpeg_70,0.018751153831333744
SI_451bcb49-01f9-4030-9d89-6f976b64572b,view_180,320,jpeg_70,0.012919805226442475
SI_451bcb49-01f9-4030-9d89-6f976b64572b,view_270,320,jpeg_70,0.013124708975706337
SI_b1a04b98-c12f-4123-8093-af32c20ce5f3,view_000,320,jpeg_70,0.04573512650641387
SI_b1a04b98-c12f-4123-8093-af32c20ce5f3,view_090,320,jpeg_70,0.016063769173321814
SI_b1a04b98-c12f-4123-8093-af32c20ce5f3,view_180,320,jpeg_70,0.0377734219855797
SI_b1a04b98-c12f-4123-8093-af32c20ce5f3,view_270,320,jpeg_70,0.02131305025502442
SI_fc2bca6b-1f44-4d2c-a1b9-713a33ee0596,view_000,320,jpeg_70,0.015552759255456565
SI_fc2bca6b-1f44-4d2c-a1b9-713a33ee0596,view_090,320,jpeg_70,0.010507999757125703
SI_fc2bca6b-1f44-4d2c-a1b9-713a33ee0596,view_180,320,jpeg_70,0.010485758174216417
SI_fc2bca6b-1f44-4d2c-a1b9-713a33ee0596,view_270,320,jpeg_70,0.009607410990630012
SI_1f1ec6af-193f-4969-9185-dc5dd587239d,view_000,320,jpeg_35,0.01565895932491308
SI_1f1ec6af-193f-4969-9185-dc5dd587239d,view_090,320,jpeg_35,0.04332115846982303
SI_1f1ec6af-193f-4969-9185-dc5dd587239d,view_180,320,jpeg_35,0.014305920400281762
SI_1f1ec6af-193f-4969-9185-dc5dd587239d,view_270,320,jpeg_35,0.05173899990098484
SI_451bcb49-01f9-4030-9d89-6f976b64572b,view_000,320,jpeg_35,0.0466514476338362
SI_451bcb49-01f9-4030-9d89-6f976b64572b,view_090,320,jpeg_35,0.028953024549591592
SI_451bcb49-01f9-4030-9d89-6f976b64572b,view_180,320,jpeg_35,0.018944909521454206
SI_451bcb49-01f9-4030-9d89-6f976b64572b,view_270,320,jpeg_35,0.017897755023389663
SI_b1a04b98-c12f-4123-8093-af32c20ce5f3,view_000,320,jpeg_35,0.05584588933413103
SI_b1a04b98-c12f-4123-8093-af32c20ce5f3,view_090,320,jpeg_35,0.019344444192646294
SI_b1a04b98-c12f-4123-8093-af32c20ce5f3,view_180,320,jpeg_35,0.032950302645861546
SI_b1a04b98-c12f-4123-8093-af32c20ce5f3,view_270,320,jpeg_35,0.025330455985927397
SI_fc2bca6b-1f44-4d2c-a1b9-713a33ee0596,view_000,320,jpeg_35,0.02376005106136312
SI_fc2bca6b-1f44-4d2c-a1b9-713a33ee0596,view_090,320,jpeg_35,0.014452326191399896
SI_fc2bca6b-1f44-4d2c-a1b9-713a33ee0596,view_180,320,jpeg_35,0.011201933072863123
SI_fc2bca6b-1f44-4d2c-a1b9-713a33ee0596,view_270,320,jpeg_35,0.010324897421034474
SI_1f1ec6af-193f-4969-9185-dc5dd587239d,view_000,320,occlusion_15,0.06736217928908284
SI_1f1ec6af-193f-4969-9185-dc5dd587239d,view_090,320,occlusion_15,0.07654061605165857
SI_1f1ec6af-193f-4969-9185-dc5dd587239d,view_180,320,occlusion_15,0.03708125760475286
SI_1f1ec6af-193f-4969-9185-dc5dd587239d,view_270,320,occlusion_15,0.07877805010135457
SI_451bcb49-01f9-4030-9d89-6f976b64572b,view_000,320,occlusion_15,0.05772665919188802
SI_451bcb49-01f9-4030-9d89-6f976b64572b,view_090,320,occlusion_15,0.048737714155465364
SI_451bcb49-01f9-4030-9d89-6f976b64572b,view_180,320,occlusion_15,0.060997756856427235
SI_451bcb49-01f9-4030-9d89-6f976b64572b,view_270,320,occlusion_15,0.06173281028309642
SI_b1a04b98-c12f-4123-8093-af32c20ce5f3,view_000,320,occlusion_15,0.03888333767585913
SI_b1a04b98-c12f-4123-8093-af32c20ce5f3,view_090,320,occlusion_15,0.10780690700812018
SI_b1a04b98-c12f-4123-8093-af32c20ce5f3,view_180,320,occlusion_15,0.040244231182046133
SI_b1a04b98-c12f-4123-8093-af32c20ce5f3,view_270,320,occlusion_15,0.11143513346374906
SI_fc2bca6b-1f44-4d2c-a1b9-713a33ee0596,view_000,320,occlusion_15,0.054421809379844796
SI_fc2bca6b-1f44-4d2c-a1b9-713a33ee0596,view_090,320,occlusion_15,0.04904485441636228
SI_fc2bca6b-1f44-4d2c-a1b9-713a33ee0596,view_180,320,occlusion_15,0.04762833895396627
SI_fc2bca6b-1f44-4d2c-a1b9-713a33ee0596,view_270,320,occlusion_15,0.04926722995425384
SI_1f1ec6af-193f-4969-9185-dc5dd587239d,view_000,320,occlusion_30,0.0498045201788247
SI_1f1ec6af-193f-4969-9185-dc5dd587239d,view_090,320,occlusion_30,0.08778562370134349
SI_1f1ec6af-193f-4969-9185-dc5dd587239d,view_180,320,occlusion_30,0.03711417811281483
SI_1f1ec6af-193f-4969-9185-dc5dd587239d,view_270,320,occlusion_30,0.08517662796816888
SI_451bcb49-01f9-4030-9d89-6f976b64572b,view_000,320,occlusion_30,0.0661958564876575
SI_451bcb49-01f9-4030-9d89-6f976b64572b,view_090,320,occlusion_30,0.05559716525619869
SI_451bcb49-01f9-4030-9d89-6f976b64572b,view_180,320,occlusion_30,0.06313390491309809
SI_451bcb49-01f9-4030-9d89-6f976b64572b,view_270,320,occlusion_30,0.06288809422191183
SI_b1a04b98-c12f-4123-8093-af32c20ce5f3,view_000,320,occlusion_30,0.04883099280502484
SI_b1a04b98-c12f-4123-8093-af32c20ce5f3,view_090,320,occlusion_30,0.08263301082817487
SI_b1a04b98-c12f-4123-8093-af32c20ce5f3,view_180,320,occlusion_30,0.051257230288363646
SI_b1a04b98-c12f-4123-8093-af32c20ce5f3,view_270,320,occlusion_30,0.08329149934313866
SI_fc2bca6b-1f44-4d2c-a1b9-713a33ee0596,view_000,320,occlusion_30,0.04957812042958324
SI_fc2bca6b-1f44-4d2c-a1b9-713a33ee0596,view_090,320,occlusion_30,0.04831204569148276
SI_fc2bca6b-1f44-4d2c-a1b9-713a33ee0596,view_180,320,occlusion_30,0.04440275230011788
SI_fc2bca6b-1f44-4d2c-a1b9-713a33ee0596,view_270,320,occlusion_30,0.04852443875012034
SI_1f1ec6af-193f-4969-9185-dc5dd587239d,view_000,384,blur_low,0.05228425827419564
SI_1f1ec6af-193f-4969-9185-dc5dd587239d,view_090,384,blur_low,0.08443406233252433
SI_1f1ec6af-193f-4969-9185-dc5dd587239d,view_180,384,blur_low,0.05158823063948598
SI_1f1ec6af-193f-4969-9185-dc5dd587239d,view_270,384,blur_low,0.06479581592269618
SI_451bcb49-01f9-4030-9d89-6f976b64572b,view_000,384,blur_low,0.05595934139330014
SI_451bcb49-01f9-4030-9d89-6f976b64572b,view_090,384,blur_low,0.04611901519371636
SI_451bcb49-01f9-4030-9d89-6f976b64572b,view_180,384,blur_low,0.04192897986799148
SI_451bcb49-01f9-4030-9d89-6f976b64572b,view_270,384,blur_low,0.032639209413118375
SI_b1a04b98-c12f-4123-8093-af32c20ce5f3,view_000,384,blur_low,0.06856770052735979
SI_b1a04b98-c12f-4123-8093-af32c20ce5f3,view_090,384,blur_low,0.043920409911705656
SI_b1a04b98-c12f-4123-8093-af32c20ce5f3,view_180,384,blur_low,0.05168539795059672
SI_b1a04b98-c12f-4123-8093-af32c20ce5f3,view_270,384,blur_low,0.03097838591015973
SI_fc2bca6b-1f44-4d2c-a1b9-713a33ee0596,view_000,384,blur_low,0.0531512362647132
SI_fc2bca6b-1f44-4d2c-a1b9-713a33ee0596,view_090,384,blur_low,0.02227663925862461
SI_fc2bca6b-1f44-4d2c-a1b9-713a33ee0596,view_180,384,blur_low,0.025122393758486905
SI_fc2bca6b-1f44-4d2c-a1b9-713a33ee0596,view_270,384,blur_low,0.03221674694772303
SI_1f1ec6af-193f-4969-9185-dc5dd587239d,view_000,384,blur_high,0.0504344975365658
SI_1f1ec6af-193f-4969-9185-dc5dd587239d,view_090,384,blur_high,0.08166890969357066
SI_1f1ec6af-193f-4969-9185-dc5dd587239d,view_180,384,blur_high,0.06515153351545548
SI_1f1ec6af-193f-4969-9185-dc5dd587239d,view_270,384,blur_high,0.06832927909705877
SI_451bcb49-01f9-4030-9d89-6f976b64572b,view_000,384,blur_high,0.07584345114741096
SI_451bcb49-01f9-4030-9d89-6f976b64572b,view_090,384,blur_high,0.06893224334006459
SI_451bcb49-01f9-4030-9d89-6f976b64572b,view_180,384,blur_high,0.0695438245990645
SI_451bcb49-01f9-4030-9d89-6f976b64572b,view_270,384,blur_high,0.07206046602052245
SI_b1a04b98-c12f-4123-8093-af32c20ce5f3,view_000,384,blur_high,0.06673721107707357
SI_b1a04b98-c12f-4123-8093-af32c20ce5f3,view_090,384,blur_high,0.06413154393005255
SI_b1a04b98-c12f-4123-8093-af32c20ce5f3,view_180,384,blur_high,0.04792001243583868
SI_b1a04b98-c12f-4123-8093-af32c20ce5f3,view_270,384,blur_high,0.06171981274180568
SI_fc2bca6b-1f44-4d2c-a1b9-713a33ee0596,view_000,384,blur_high,0.07638810188944364
SI_fc2bca6b-1f44-4d2c-a1b9-713a33ee0596,view_090,384,blur_high,0.06634531972344566
SI_fc2bca6b-1f44-4d2c-a1b9-713a33ee0596,view_180,384,blur_high,0.07132174281171783
SI_fc2bca6b-1f44-4d2c-a1b9-713a33ee0596,view_270,384,blur_high,0.05989734993438209
SI_1f1ec6af-193f-4969-9185-dc5dd587239d,view_000,384,jpeg_70,0.045371851865279186
SI_1f1ec6af-193f-4969-9185-dc5dd587239d,view_090,384,jpeg_70,0.03080565567977158
SI_1f1ec6af-193f-4969-9185-dc5dd587239d,view_180,384,jpeg_70,0.011034989201248385
SI_1f1ec6af-193f-4969-9185-dc5dd587239d,view_270,384,jpeg_70,0.028915513703731622
SI_451bcb49-01f9-4030-9d89-6f976b64572b,view_000,384,jpeg_70,0.029573751305362935
SI_451bcb49-01f9-4030-9d89-6f976b64572b,view_090,384,jpeg_70,0.018793598212482266
SI_451bcb49-01f9-4030-9d89-6f976b64572b,view_180,384,jpeg_70,0.012815250617071403
SI_451bcb49-01f9-4030-9d89-6f976b64572b,view_270,384,jpeg_70,0.013296524602563819
SI_b1a04b98-c12f-4123-8093-af32c20ce5f3,view_000,384,jpeg_70,0.046515516824367414
SI_b1a04b98-c12f-4123-8093-af32c20ce5f3,view_090,384,jpeg_70,0.015982317830420013
SI_b1a04b98-c12f-4123-8093-af32c20ce5f3,view_180,384,jpeg_70,0.03832252316798562
SI_b1a04b98-c12f-4123-8093-af32c20ce5f3,view_270,384,jpeg_70,0.021330826188010674
SI_fc2bca6b-1f44-4d2c-a1b9-713a33ee0596,view_000,384,jpeg_70,0.015609830945899128
SI_fc2bca6b-1f44-4d2c-a1b9-713a33ee0596,view_090,384,jpeg_70,0.010443688164002273
SI_fc2bca6b-1f44-4d2c-a1b9-713a33ee0596,view_180,384,jpeg_70,0.01070971943890276
SI_fc2bca6b-1f44-4d2c-a1b9-713a33ee0596,view_270,384,jpeg_70,0.009637312492365562
SI_1f1ec6af-193f-4969-9185-dc5dd587239d,view_000,384,jpeg_35,0.015632305617772672
SI_1f1ec6af-193f-4969-9185-dc5dd587239d,view_090,384,jpeg_35,0.04295192126842917
SI_1f1ec6af-193f-4969-9185-dc5dd587239d,view_180,384,jpeg_35,0.014889604282996403
SI_1f1ec6af-193f-4969-9185-dc5dd587239d,view_270,384,jpeg_35,0.051454993492758866
SI_451bcb49-01f9-4030-9d89-6f976b64572b,view_000,384,jpeg_35,0.04720107623375037
SI_451bcb49-01f9-4030-9d89-6f976b64572b,view_090,384,jpeg_35,0.028510398768733878
SI_451bcb49-01f9-4030-9d89-6f976b64572b,view_180,384,jpeg_35,0.018838730321620145
SI_451bcb49-01f9-4030-9d89-6f976b64572b,view_270,384,jpeg_35,0.017884098060126308
SI_b1a04b98-c12f-4123-8093-af32c20ce5f3,view_000,384,jpeg_35,0.056203732305373066
SI_b1a04b98-c12f-4123-8093-af32c20ce5f3,view_090,384,jpeg_35,0.01947929152664862
SI_b1a04b98-c12f-4123-8093-af32c20ce5f3,view_180,384,jpeg_35,0.033399288235165074
SI_b1a04b98-c12f-4123-8093-af32c20ce5f3,view_270,384,jpeg_35,0.02580521266286193
SI_fc2bca6b-1f44-4d2c-a1b9-713a33ee0596,view_000,384,jpeg_35,0.024182565863959317
SI_fc2bca6b-1f44-4d2c-a1b9-713a33ee0596,view_090,384,jpeg_35,0.014310175645441563
SI_fc2bca6b-1f44-4d2c-a1b9-713a33ee0596,view_180,384,jpeg_35,0.011317198999427416
SI_fc2bca6b-1f44-4d2c-a1b9-713a33ee0596,view_270,384,jpeg_35,0.01032404138776189
SI_1f1ec6af-193f-4969-9185-dc5dd587239d,view_000,384,occlusion_15,0.0678062563180871
SI_1f1ec6af-193f-4969-9185-dc5dd587239d,view_090,384,occlusion_15,0.07591730955402745
SI_1f1ec6af-193f-4969-9185-dc5dd587239d,view_180,384,occlusion_15,0.03733345079179771
SI_1f1ec6af-193f-4969-9185-dc5dd587239d,view_270,384,occlusion_15,0.07686701986094586
SI_451bcb49-01f9-4030-9d89-6f976b64572b,view_000,384,occlusion_15,0.05860455663806231
SI_451bcb49-01f9-4030-9d89-6f976b64572b,view_090,384,occlusion_15,0.04859327332039979
SI_451bcb49-01f9-4030-9d89-6f976b64572b,view_180,384,occlusion_15,0.062271696617220956
SI_451bcb49-01f9-4030-9d89-6f976b64572b,view_270,384,occlusion_15,0.06281838230645256
SI_b1a04b98-c12f-4123-8093-af32c20ce5f3,view_000,384,occlusion_15,0.03964975132973844
SI_b1a04b98-c12f-4123-8093-af32c20ce5f3,view_090,384,occlusion_15,0.10708259393452915
SI_b1a04b98-c12f-4123-8093-af32c20ce5f3,view_180,384,occlusion_15,0.04076545613551695
SI_b1a04b98-c12f-4123-8093-af32c20ce5f3,view_270,384,occlusion_15,0.11171871687038655
SI_fc2bca6b-1f44-4d2c-a1b9-713a33ee0596,view_000,384,occlusion_15,0.05425225503333761
SI_fc2bca6b-1f44-4d2c-a1b9-713a33ee0596,view_090,384,occlusion_15,0.04961722734585043
SI_fc2bca6b-1f44-4d2c-a1b9-713a33ee0596,view_180,384,occlusion_15,0.04731090101170488
SI_fc2bca6b-1f44-4d2c-a1b9-713a33ee0596,view_270,384,occlusion_15,0.04868045234654379
SI_1f1ec6af-193f-4969-9185-dc5dd587239d,view_000,384,occlusion_30,0.051581672310514734
SI_1f1ec6af-193f-4969-9185-dc5dd587239d,view_090,384,occlusion_30,0.0873138193614303
SI_1f1ec6af-193f-4969-9185-dc5dd587239d,view_180,384,occlusion_30,0.0368331523679725
SI_1f1ec6af-193f-4969-9185-dc5dd587239d,view_270,384,occlusion_30,0.08462038676062396
SI_451bcb49-01f9-4030-9d89-6f976b64572b,view_000,384,occlusion_30,0.06604128654075574
SI_451bcb49-01f9-4030-9d89-6f976b64572b,view_090,384,occlusion_30,0.05565288024169867
SI_451bcb49-01f9-4030-9d89-6f976b64572b,view_180,384,occlusion_30,0.06480542379532767
SI_451bcb49-01f9-4030-9d89-6f976b64572b,view_270,384,occlusion_30,0.0640676217723308
SI_b1a04b98-c12f-4123-8093-af32c20ce5f3,view_000,384,occlusion_30,0.04937848224188837
SI_b1a04b98-c12f-4123-8093-af32c20ce5f3,view_090,384,occlusion_30,0.08322246947170042
SI_b1a04b98-c12f-4123-8093-af32c20ce5f3,view_180,384,occlusion_30,0.0514075944718525
SI_b1a04b98-c12f-4123-8093-af32c20ce5f3,view_270,384,occlusion_30,0.08310790509249813
SI_fc2bca6b-1f44-4d2c-a1b9-713a33ee0596,view_000,384,occlusion_30,0.049559673102823304
SI_fc2bca6b-1f44-4d2c-a1b9-713a33ee0596,view_090,384,occlusion_30,0.04827932976652968
SI_fc2bca6b-1f44-4d2c-a1b9-713a33ee0596,view_180,384,occlusion_30,0.04431818382464107
SI_fc2bca6b-1f44-4d2c-a1b9-713a33ee0596,view_270,384,occlusion_30,0.0488410968921123
SI_1f1ec6af-193f-4969-9185-dc5dd587239d,view_000,448,blur_low,0.052733303116881694
SI_1f1ec6af-193f-4969-9185-dc5dd587239d,view_090,448,blur_low,0.08490011415418103
SI_1f1ec6af-193f-4969-9185-dc5dd587239d,view_180,448,blur_low,0.05214012260423717
SI_1f1ec6af-193f-4969-9185-dc5dd587239d,view_270,448,blur_low,0.06441032017770648
SI_451bcb49-01f9-4030-9d89-6f976b64572b,view_000,448,blur_low,0.05603339082286776
SI_451bcb49-01f9-4030-9d89-6f976b64572b,view_090,448,blur_low,0.04648484285822707
SI_451bcb49-01f9-4030-9d89-6f976b64572b,view_180,448,blur_low,0.04123247696152228
SI_451bcb49-01f9-4030-9d89-6f976b64572b,view_270,448,blur_low,0.032344880430692606
SI_b1a04b98-c12f-4123-8093-af32c20ce5f3,view_000,448,blur_low,0.06678377237535182
SI_b1a04b98-c12f-4123-8093-af32c20ce5f3,view_090,448,blur_low,0.04316742496899634
SI_b1a04b98-c12f-4123-8093-af32c20ce5f3,view_180,448,blur_low,0.05161147454435851
SI_b1a04b98-c12f-4123-8093-af32c20ce5f3,view_270,448,blur_low,0.030393794483756592
SI_fc2bca6b-1f44-4d2c-a1b9-713a33ee0596,view_000,448,blur_low,0.05331578554864103
SI_fc2bca6b-1f44-4d2c-a1b9-713a33ee0596,view_090,448,blur_low,0.022165789820632435
SI_fc2bca6b-1f44-4d2c-a1b9-713a33ee0596,view_180,448,blur_low,0.024960022481700372
SI_fc2bca6b-1f44-4d2c-a1b9-713a33ee0596,view_270,448,blur_low,0.03211559641749166
SI_1f1ec6af-193f-4969-9185-dc5dd587239d,view_000,448,blur_high,0.05061230783559369
SI_1f1ec6af-193f-4969-9185-dc5dd587239d,view_090,448,blur_high,0.08199058359252506
SI_1f1ec6af-193f-4969-9185-dc5dd587239d,view_180,448,blur_high,0.06438708895876702
SI_1f1ec6af-193f-4969-9185-dc5dd587239d,view_270,448,blur_high,0.06816279468337513
SI_451bcb49-01f9-4030-9d89-6f976b64572b,view_000,448,blur_high,0.07636099900581386
SI_451bcb49-01f9-4030-9d89-6f976b64572b,view_090,448,blur_high,0.06877769565935418
SI_451bcb49-01f9-4030-9d89-6f976b64572b,view_180,448,blur_high,0.068979513582098
SI_451bcb49-01f9-4030-9d89-6f976b64572b,view_270,448,blur_high,0.07182260259095427
SI_b1a04b98-c12f-4123-8093-af32c20ce5f3,view_000,448,blur_high,0.06637708373885981
SI_b1a04b98-c12f-4123-8093-af32c20ce5f3,view_090,448,blur_high,0.06394400934935279
SI_b1a04b98-c12f-4123-8093-af32c20ce5f3,view_180,448,blur_high,0.04781864243766487
SI_b1a04b98-c12f-4123-8093-af32c20ce5f3,view_270,448,blur_high,0.0618353906378017
SI_fc2bca6b-1f44-4d2c-a1b9-713a33ee0596,view_000,448,blur_high,0.07582246271356094
SI_fc2bca6b-1f44-4d2c-a1b9-713a33ee0596,view_090,448,blur_high,0.06673109534564411
SI_fc2bca6b-1f44-4d2c-a1b9-713a33ee0596,view_180,448,blur_high,0.07165136626391166
SI_fc2bca6b-1f44-4d2c-a1b9-713a33ee0596,view_270,448,blur_high,0.06080187838402487
SI_1f1ec6af-193f-4969-9185-dc5dd587239d,view_000,448,jpeg_70,0.045583295229041886
SI_1f1ec6af-193f-4969-9185-dc5dd587239d,view_090,448,jpeg_70,0.030826901157079794
SI_1f1ec6af-193f-4969-9185-dc5dd587239d,view_180,448,jpeg_70,0.01134707072555887
SI_1f1ec6af-193f-4969-9185-dc5dd587239d,view_270,448,jpeg_70,0.028676028037485313
SI_451bcb49-01f9-4030-9d89-6f976b64572b,view_000,448,jpeg_70,0.029311999184538313
SI_451bcb49-01f9-4030-9d89-6f976b64572b,view_090,448,jpeg_70,0.018718732302296988
SI_451bcb49-01f9-4030-9d89-6f976b64572b,view_180,448,jpeg_70,0.01299563363115636
SI_451bcb49-01f9-4030-9d89-6f976b64572b,view_270,448,jpeg_70,0.013099936101483602
SI_b1a04b98-c12f-4123-8093-af32c20ce5f3,view_000,448,jpeg_70,0.04617495861524761
SI_b1a04b98-c12f-4123-8093-af32c20ce5f3,view_090,448,jpeg_70,0.016103711938061746
SI_b1a04b98-c12f-4123-8093-af32c20ce5f3,view_180,448,jpeg_70,0.037781292972971246
SI_b1a04b98-c12f-4123-8093-af32c20ce5f3,view_270,448,jpeg_70,0.021153677360166153
SI_fc2bca6b-1f44-4d2c-a1b9-713a33ee0596,view_000,448,jpeg_70,0.015719097810758004
SI_fc2bca6b-1f44-4d2c-a1b9-713a33ee0596,view_090,448,jpeg_70,0.010448856267525014
SI_fc2bca6b-1f44-4d2c-a1b9-713a33ee0596,view_180,448,jpeg_70,0.010695069309466978
SI_fc2bca6b-1f44-4d2c-a1b9-713a33ee0596,view_270,448,jpeg_70,0.009616085199343885
SI_1f1ec6af-193f-4969-9185-dc5dd587239d,view_000,448,jpeg_35,0.015385888582984224
SI_1f1ec6af-193f-4969-9185-dc5dd587239d,view_090,448,jpeg_35,0.04332785067080556
SI_1f1ec6af-193f-4969-9185-dc5dd587239d,view_180,448,jpeg_35,0.01486340382201802
SI_1f1ec6af-193f-4969-9185-dc5dd587239d,view_270,448,jpeg_35,0.051247643508573214
SI_451bcb49-01f9-4030-9d89-6f976b64572b,view_000,448,jpeg_35,0.046958112951652406
SI_451bcb49-01f9-4030-9d89-6f976b64572b,view_090,448,jpeg_35,0.028871831456737593
SI_451bcb49-01f9-4030-9d89-6f976b64572b,view_180,448,jpeg_35,0.019130965145981574
SI_451bcb49-01f9-4030-9d89-6f976b64572b,view_270,448,jpeg_35,0.01791998997976572
SI_b1a04b98-c12f-4123-8093-af32c20ce5f3,view_000,448,jpeg_35,0.05522408949517092
SI_b1a04b98-c12f-4123-8093-af32c20ce5f3,view_090,448,jpeg_35,0.019338731372184746
SI_b1a04b98-c12f-4123-8093-af32c20ce5f3,view_180,448,jpeg_35,0.03278238077741265
SI_b1a04b98-c12f-4123-8093-af32c20ce5f3,view_270,448,jpeg_35,0.02566109544288455
SI_fc2bca6b-1f44-4d2c-a1b9-713a33ee0596,view_000,448,jpeg_35,0.024293648127094305
SI_fc2bca6b-1f44-4d2c-a1b9-713a33ee0596,view_090,448,jpeg_35,0.014341757078115556
SI_fc2bca6b-1f44-4d2c-a1b9-713a33ee0596,view_180,448,jpeg_35,0.011272607871130408
SI_fc2bca6b-1f44-4d2c-a1b9-713a33ee0596,view_270,448,jpeg_35,0.010313050427054531
SI_1f1ec6af-193f-4969-9185-dc5dd587239d,view_000,448,occlusion_15,0.06724935110660868
SI_1f1ec6af-193f-4969-9185-dc5dd587239d,view_090,448,occlusion_15,0.07555797351531388
SI_1f1ec6af-193f-4969-9185-dc5dd587239d,view_180,448,occlusion_15,0.03670703048147819
SI_1f1ec6af-193f-4969-9185-dc5dd587239d,view_270,448,occlusion_15,0.07643572302024507
SI_451bcb49-01f9-4030-9d89-6f976b64572b,view_000,448,occlusion_15,0.058066327173612514
SI_451bcb49-01f9-4030-9d89-6f976b64572b,view_090,448,occlusion_15,0.0489464727941322
SI_451bcb49-01f9-4030-9d89-6f976b64572b,view_180,448,occlusion_15,0.06153710426972654
SI_451bcb49-01f9-4030-9d89-6f976b64572b,view_270,448,occlusion_15,0.062473381649973625
SI_b1a04b98-c12f-4123-8093-af32c20ce5f3,view_000,448,occlusion_15,0.03944908154781109
SI_b1a04b98-c12f-4123-8093-af32c20ce5f3,view_090,448,occlusion_15,0.10581348866325346
SI_b1a04b98-c12f-4123-8093-af32c20ce5f3,view_180,448,occlusion_15,0.040871000717722664
SI_b1a04b98-c12f-4123-8093-af32c20ce5f3,view_270,448,occlusion_15,0.11185061696320311
SI_fc2bca6b-1f44-4d2c-a1b9-713a33ee0596,view_000,448,occlusion_15,0.054615500909642706
SI_fc2bca6b-1f44-4d2c-a1b9-713a33ee0596,view_090,448,occlusion_15,0.04951762894196357
SI_fc2bca6b-1f44-4d2c-a1b9-713a33ee0596,view_180,448,occlusion_15,0.047609605390694726
SI_fc2bca6b-1f44-4d2c-a1b9-713a33ee0596,view_270,448,occlusion_15,0.04892031207961159
SI_1f1ec6af-193f-4969-9185-dc5dd587239d,view_000,448,occlusion_30,0.050807608029744065
SI_1f1ec6af-193f-4969-9185-dc5dd587239d,view_090,448,occlusion_30,0.08800353102576583
SI_1f1ec6af-193f-4969-9185-dc5dd587239d,view_180,448,occlusion_30,0.0370228877855815
SI_1f1ec6af-193f-4969-9185-dc5dd587239d,view_270,448,occlusion_30,0.08481615132019908
SI_451bcb49-01f9-4030-9d89-6f976b64572b,view_000,448,occlusion_30,0.06591755698522996
SI_451bcb49-01f9-4030-9d89-6f976b64572b,view_090,448,occlusion_30,0.05496273404453524
SI_451bcb49-01f9-4030-9d89-6f976b64572b,view_180,448,occlusion_30,0.06342289369350608
SI_451bcb49-01f9-4030-9d89-6f976b64572b,view_270,448,occlusion_30,0.06403050520348447
SI_b1a04b98-c12f-4123-8093-af32c20ce5f3,view_000,448,occlusion_30,0.049021674296040055
SI_b1a04b98-c12f-4123-8093-af32c20ce5f3,view_090,448,occlusion_30,0.08289641656920285
SI_b1a04b98-c12f-4123-8093-af32c20ce5f3,view_180,448,occlusion_30,0.051226190162718475
SI_b1a04b98-c12f-4123-8093-af32c20ce5f3,view_270,448,occlusion_30,0.08464589261150038
SI_fc2bca6b-1f44-4d2c-a1b9-713a33ee0596,view_000,448,occlusion_30,0.04954899975923674
SI_fc2bca6b-1f44-4d2c-a1b9-713a33ee0596,view_090,448,occlusion_30,0.04878336215475215
SI_fc2bca6b-1f44-4d2c-a1b9-713a33ee0596,view_180,448,occlusion_30,0.04467411205963219
SI_fc2bca6b-1f44-4d2c-a1b9-713a33ee0596,view_270,448,occlusion_30,0.04905706657989882
SI_1f1ec6af-193f-4969-9185-dc5dd587239d,view_000,512,blur_low,0.05293987249219621
SI_1f1ec6af-193f-4969-9185-dc5dd587239d,view_090,512,blur_low,0.0834871308150523
SI_1f1ec6af-193f-4969-9185-dc5dd587239d,view_180,512,blur_low,0.05168936978677249
SI_1f1ec6af-193f-4969-9185-dc5dd587239d,view_270,512,blur_low,0.06523899115376516
SI_451bcb49-01f9-4030-9d89-6f976b64572b,view_000,512,blur_low,0.05675706927168982
SI_451bcb49-01f9-4030-9d89-6f976b64572b,view_090,512,blur_low,0.046044451505922374
SI_451bcb49-01f9-4030-9d89-6f976b64572b,view_180,512,blur_low,0.04233187139448885
SI_451bcb49-01f9-4030-9d89-6f976b64572b,view_270,512,blur_low,0.032675459440269325
SI_b1a04b98-c12f-4123-8093-af32c20ce5f3,view_000,512,blur_low,0.06589024326006176
SI_b1a04b98-c12f-4123-8093-af32c20ce5f3,view_090,512,blur_low,0.043642585998790895
SI_b1a04b98-c12f-4123-8093-af32c20ce5f3,view_180,512,blur_low,0.05182753527350233
SI_b1a04b98-c12f-4123-8093-af32c20ce5f3,view_270,512,blur_low,0.030773787153920932
SI_fc2bca6b-1f44-4d2c-a1b9-713a33ee0596,view_000,512,blur_low,0.052649566708455234
SI_fc2bca6b-1f44-4d2c-a1b9-713a33ee0596,view_090,512,blur_low,0.02224267074604383
SI_fc2bca6b-1f44-4d2c-a1b9-713a33ee0596,view_180,512,blur_low,0.025242793562925442
SI_fc2bca6b-1f44-4d2c-a1b9-713a33ee0596,view_270,512,blur_low,0.032380668006646705
SI_1f1ec6af-193f-4969-9185-dc5dd587239d,view_000,512,blur_high,0.05087055957620609
SI_1f1ec6af-193f-4969-9185-dc5dd587239d,view_090,512,blur_high,0.08085570343530363
SI_1f1ec6af-193f-4969-9185-dc5dd587239d,view_180,512,blur_high,0.06491437697317234
SI_1f1ec6af-193f-4969-9185-dc5dd587239d,view_270,512,blur_high,0.06885113925317288
SI_451bcb49-01f9-4030-9d89-6f976b64572b,view_000,512,blur_high,0.075883977946884
SI_451bcb49-01f9-4030-9d89-6f976b64572b,view_090,512,blur_high,0.06724503617584597
SI_451bcb49-01f9-4030-9d89-6f976b64572b,view_180,512,blur_high,0.07089205523913134
SI_451bcb49-01f9-4030-9d89-6f976b64572b,view_270,512,blur_high,0.07174243271243343
SI_b1a04b98-c12f-4123-8093-af32c20ce5f3,view_000,512,blur_high,0.06519122170552648
SI_b1a04b98-c12f-4123-8093-af32c20ce5f3,view_090,512,blur_high,0.06320536610041136
SI_b1a04b98-c12f-4123-8093-af32c20ce5f3,view_180,512,blur_high,0.047863633739473416
SI_b1a04b98-c12f-4123-8093-af32c20ce5f3,view_270,512,blur_high,0.06303452151502323
SI_fc2bca6b-1f44-4d2c-a1b9-713a33ee0596,view_000,512,blur_high,0.07563866080481649
SI_fc2bca6b-1f44-4d2c-a1b9-713a33ee0596,view_090,512,blur_high,0.06708485103454657
SI_fc2bca6b-1f44-4d2c-a1b9-713a33ee0596,view_180,512,blur_high,0.07226514374626426
SI_fc2bca6b-1f44-4d2c-a1b9-713a33ee0596,view_270,512,blur_high,0.0605138300527541
SI_1f1ec6af-193f-4969-9185-dc5dd587239d,view_000,512,jpeg_70,0.04521098908218681
SI_1f1ec6af-193f-4969-9185-dc5dd587239d,view_090,512,jpeg_70,0.030333784802179173
SI_1f1ec6af-193f-4969-9185-dc5dd587239d,view_180,512,jpeg_70,0.011242935046425479
SI_1f1ec6af-193f-4969-9185-dc5dd587239d,view_270,512,jpeg_70,0.02918692683380742
SI_451bcb49-01f9-4030-9d89-6f976b64572b,view_000,512,jpeg_70,0.02951330160650778
SI_451bcb49-01f9-4030-9d89-6f976b64572b,view_090,512,jpeg_70,0.018567740206089596
SI_451bcb49-01f9-4030-9d89-6f976b64572b,view_180,512,jpeg_70,0.01275529074555019
SI_451bcb49-01f9-4030-9d89-6f976b64572b,view_270,512,jpeg_70,0.013214261206076636
SI_b1a04b98-c12f-4123-8093-af32c20ce5f3,view_000,512,jpeg_70,0.04571546052740859
SI_b1a04b98-c12f-4123-8093-af32c20ce5f3,view_090,512,jpeg_70,0.01603696545622419
SI_b1a04b98-c12f-4123-8093-af32c20ce5f3,view_180,512,jpeg_70,0.03805881296089159
SI_b1a04b98-c12f-4123-8093-af32c20ce5f3,view_270,512,jpeg_70,0.021659939800780948
SI_fc2bca6b-1f44-4d2c-a1b9-713a33ee0596,view_000,512,jpeg_70,0.015664736110613975
SI_fc2bca6b-1f44-4d2c-a1b9-713a33ee0596,view_090,512,jpeg_70,0.010506822367532403
SI_fc2bca6b-1f44-4d2c-a1b9-713a33ee0596,view_180,512,jpeg_70,0.01067293999836601
SI_fc2bca6b-1f44-4d2c-a1b9-713a33ee0596,view_270,512,jpeg_70,0.009535362444504146
SI_1f1ec6af-193f-4969-9185-dc5dd587239d,view_000,512,jpeg_35,0.015649313922697
SI_1f1ec6af-193f-4969-9185-dc5dd587239d,view_090,512,jpeg_35,0.04330984415052459
SI_1f1ec6af-193f-4969-9185-dc5dd587239d,view_180,512,jpeg_35,0.014796087434163442
SI_1f1ec6af-193f-4969-9185-dc5dd587239d,view_270,512,jpeg_35,0.052069531689622604
SI_451bcb49-01f9-4030-9d89-6f976b64572b,view_000,512,jpeg_35,0.04683712115577392
SI_451bcb49-01f9-4030-9d89-6f976b64572b,view_090,512,jpeg_35,0.028432879736566167
SI_451bcb49-01f9-4030-9d89-6f976b64572b,view_180,512,jpeg_35,0.018712402175724622
SI_451bcb49-01f9-4030-9d89-6f976b64572b,view_270,512,jpeg_35,0.01800324978720461
SI_b1a04b98-c12f-4123-8093-af32c20ce5f3,view_000,512,jpeg_35,0.0542680566767898
SI_b1a04b98-c12f-4123-8093-af32c20ce5f3,view_090,512,jpeg_35,0.019131116628531966
SI_b1a04b98-c12f-4123-8093-af32c20ce5f3,view_180,512,jpeg_35,0.03302904091430891
SI_b1a04b98-c12f-4123-8093-af32c20ce5f3,view_270,512,jpeg_35,0.025586470282729108
SI_fc2bca6b-1f44-4d2c-a1b9-713a33ee0596,view_000,512,jpeg_35,0.02399861754331245
SI_fc2bca6b-1f44-4d2c-a1b9-713a33ee0596,view_090,512,jpeg_35,0.014272871909096617
SI_fc2bca6b-1f44-4d2c-a1b9-713a33ee0596,view_180,512,jpeg_35,0.011311096105338602
SI_fc2bca6b-1f44-4d2c-a1b9-713a33ee0596,view_270,512,jpeg_35,0.010216899111505341
SI_1f1ec6af-193f-4969-9185-dc5dd587239d,view_000,512,occlusion_15,0.06662011340359104
SI_1f1ec6af-193f-4969-9185-dc5dd587239d,view_090,512,occlusion_15,0.07569141867353213
SI_1f1ec6af-193f-4969-9185-dc5dd587239d,view_180,512,occlusion_15,0.03788625623175756
SI_1f1ec6af-193f-4969-9185-dc5dd587239d,view_270,512,occlusion_15,0.07844126530893299
SI_451bcb49-01f9-4030-9d89-6f976b64572b,view_000,512,occlusion_15,0.05888063426768448
SI_451bcb49-01f9-4030-9d89-6f976b64572b,view_090,512,occlusion_15,0.048774043171423406
SI_451bcb49-01f9-4030-9d89-6f976b64572b,view_180,512,occlusion_15,0.06294174531194924
SI_451bcb49-01f9-4030-9d89-6f976b64572b,view_270,512,occlusion_15,0.06268183949419405
SI_b1a04b98-c12f-4123-8093-af32c20ce5f3,view_000,512,occlusion_15,0.04000616789692158
SI_b1a04b98-c12f-4123-8093-af32c20ce5f3,view_090,512,occlusion_15,0.10687970705999902
SI_b1a04b98-c12f-4123-8093-af32c20ce5f3,view_180,512,occlusion_15,0.04040750883807296
SI_b1a04b98-c12f-4123-8093-af32c20ce5f3,view_270,512,occlusion_15,0.1125290227753803
SI_fc2bca6b-1f44-4d2c-a1b9-713a33ee0596,view_000,512,occlusion_15,0.05420054211683682
SI_fc2bca6b-1f44-4d2c-a1b9-713a33ee0596,view_090,512,occlusion_15,0.050033529811638285
SI_fc2bca6b-1f44-4d2c-a1b9-713a33ee0596,view_180,512,occlusion_15,0.04697352954874483
SI_fc2bca6b-1f44-4d2c-a1b9-713a33ee0596,view_270,512,occlusion_15,0.048871137433874556
SI_1f1ec6af-193f-4969-9185-dc5dd587239d,view_000,512,occlusion_30,0.05127728192508826
SI_1f1ec6af-193f-4969-9185-dc5dd587239d,view_090,512,occlusion_30,0.08620310204866012
SI_1f1ec6af-193f-4969-9185-dc5dd587239d,view_180,512,occlusion_30,0.03676365550043151
SI_1f1ec6af-193f-4969-9185-dc5dd587239d,view_270,512,occlusion_30,0.08537088159716814
SI_451bcb49-01f9-4030-9d89-6f976b64572b,view_000,512,occlusion_30,0.06677719721803435
SI_451bcb49-01f9-4030-9d89-6f976b64572b,view_090,512,occlusion_30,0.055615688985778663
SI_451bcb49-01f9-4030-9d89-6f976b64572b,view_180,512,occlusion_30,0.06415677433032749
SI_451bcb49-01f9-4030-9d89-6f976b64572b,view_270,512,occlusion_30,0.06384824849268532
SI_b1a04b98-c12f-4123-8093-af32c20ce5f3,view_000,512,occlusion_30,0.049815543526829036
SI_b1a04b98-c12f-4123-8093-af32c20ce5f3,view_090,512,occlusion_30,0.08290767304651502
SI_b1a04b98-c12f-4123-8093-af32c20ce5f3,view_180,512,occlusion_30,0.05133956215084449
SI_b1a04b98-c12f-4123-8093-af32c20ce5f3,view_270,512,occlusion_30,0.08258898634629558
SI_fc2bca6b-1f44-4d2c-a1b9-713a33ee0596,view_000,512,occlusion_30,0.049091592476601095
SI_fc2bca6b-1f44-4d2c-a1b9-713a33ee0596,view_090,512,occlusion_30,0.04848510555354739
SI_fc2bca6b-1f44-4d2c-a1b9-713a33ee0596,view_180,512,occlusion_30,0.04419460983054298
SI_fc2bca6b-1f44-4d2c-a1b9-713a33ee0596,view_270,512,occlusion_30,0.04823595575117835
SI_1f1ec6af-193f-4969-9185-dc5dd587239d,view_000,640,blur_low,0.052592343597979534
SI_1f1ec6af-193f-4969-9185-dc5dd587239d,view_090,640,blur_low,0.08431853307866072
SI_1f1ec6af-193f-4969-9185-dc5dd587239d,view_180,640,blur_low,0.051782827453811596
SI_1f1ec6af-193f-4969-9185-dc5dd587239d,view_270,640,blur_low,0.06491231825606802
SI_451bcb49-01f9-4030-9d89-6f976b64572b,view_000,640,blur_low,0.05640642008095496
SI_451bcb49-01f9-4030-9d89-6f976b64572b,view_090,640,blur_low,0.045522622637329896
SI_451bcb49-01f9-4030-9d89-6f976b64572b,view_180,640,blur_low,0.04191741776016503
SI_451bcb49-01f9-4030-9d89-6f976b64572b,view_270,640,blur_low,0.0322608113626406
SI_b1a04b98-c12f-4123-8093-af32c20ce5f3,view_000,640,blur_low,0.06759597908341017
SI_b1a04b98-c12f-4123-8093-af32c20ce5f3,view_090,640,blur_low,0.04424046162982746
SI_b1a04b98-c12f-4123-8093-af32c20ce5f3,view_180,640,blur_low,0.05154646180487488
SI_b1a04b98-c12f-4123-8093-af32c20ce5f3,view_270,640,blur_low,0.030679058451018544
SI_fc2bca6b-1f44-4d2c-a1b9-713a33ee0596,view_000,640,blur_low,0.05295316456568029
SI_fc2bca6b-1f44-4d2c-a1b9-713a33ee0596,view_090,640,blur_low,0.022507923893573242
SI_fc2bca6b-1f44-4d2c-a1b9-713a33ee0596,view_180,640,blur_low,0.025275653900058648
SI_fc2bca6b-1f44-4d2c-a1b9-713a33ee0596,view_270,640,blur_low,0.03212174873950886
SI_1f1ec6af-193f-4969-9185-dc5dd587239d,view_000,640,blur_high,0.05023436258167091
SI_1f1ec6af-193f-4969-9185-dc5dd587239d,view_090,640,blur_high,0.08291764600723339
SI_1f1ec6af-193f-4969-9185-dc5dd587239d,view_180,640,blur_high,0.06485433986605903
SI_1f1ec6af-193f-4969-9185-dc5dd587239d,view_270,640,blur_high,0.06903743909547755
SI_451bcb49-01f9-4030-9d89-6f976b64572b,view_000,640,blur_high,0.07559211953110097
SI_451bcb49-01f9-4030-9d89-6f976b64572b,view_090,640,blur_high,0.0674094090266675
SI_451bcb49-01f9-4030-9d89-6f976b64572b,view_180,640,blur_high,0.06935092313580885
SI_451bcb49-01f9-4030-9d89-6f976b64572b,view_270,640,blur_high,0.07229008267204154
SI_b1a04b98-c12f-4123-8093-af32c20ce5f3,view_000,640,blur_high,0.06729843681953177
SI_b1a04b98-c12f-4123-8093-af32c20ce5f3,view_090,640,blur_high,0.06264553739783371
SI_b1a04b98-c12f-4123-8093-af32c20ce5f3,view_180,640,blur_high,0.04759995793554403
SI_b1a04b98-c12f-4123-8093-af32c20ce5f3,view_270,640,blur_high,0.06225025247308154
SI_fc2bca6b-1f44-4d2c-a1b9-713a33ee0596,view_000,640,blur_high,0.07549096598184654
SI_fc2bca6b-1f44-4d2c-a1b9-713a33ee0596,view_090,640,blur_high,0.06705860395742756
SI_fc2bca6b-1f44-4d2c-a1b9-713a33ee0596,view_180,640,blur_high,0.07182505512081233
SI_fc2bca6b-1f44-4d2c-a1b9-713a33ee0596,view_270,640,blur_high,0.060531615586425974
SI_1f1ec6af-193f-4969-9185-dc5dd587239d,view_000,640,jpeg_70,0.04551296037741326
SI_1f1ec6af-193f-4969-9185-dc5dd587239d,view_090,640,jpeg_70,0.03070104742452514
SI_1f1ec6af-193f-4969-9185-dc5dd587239d,view_180,640,jpeg_70,0.01114507385311692
SI_1f1ec6af-193f-4969-9185-dc5dd587239d,view_270,640,jpeg_70,0.029003618688848255
SI_451bcb49-01f9-4030-9d89-6f976b64572b,view_000,640,jpeg_70,0.02971467578579686
SI_451bcb49-01f9-4030-9d89-6f976b64572b,view_090,640,jpeg_70,0.018593236486142292
SI_451bcb49-01f9-4030-9d89-6f976b64572b,view_180,640,jpeg_70,0.012793772546336277
SI_451bcb49-01f9-4030-9d89-6f976b64572b,view_270,640,jpeg_70,0.013109015908173796
SI_b1a04b98-c12f-4123-8093-af32c20ce5f3,view_000,640,jpeg_70,0.04624026209102014
SI_b1a04b98-c12f-4123-8093-af32c20ce5f3,view_090,640,jpeg_70,0.015912140759133046
SI_b1a04b98-c12f-4123-8093-af32c20ce5f3,view_180,640,jpeg_70,0.03804436587090207
SI_b1a04b98-c12f-4123-8093-af32c20ce5f3,view_270,640,jpeg_70,0.021175515031749345
SI_fc2bca6b-1f44-4d2c-a1b9-713a33ee0596,view_000,640,jpeg_70,0.015678999379087965
SI_fc2bca6b-1f44-4d2c-a1b9-713a33ee0596,view_090,640,jpeg_70,0.010468935725451298
SI_fc2bca6b-1f44-4d2c-a1b9-713a33ee0596,view_180,640,jpeg_70,0.010685669396516079
SI_fc2bca6b-1f44-4d2c-a1b9-713a33ee0596,view_270,640,jpeg_70,0.009628551409013567
SI_1f1ec6af-193f-4969-9185-dc5dd587239d,view_000,640,jpeg_35,0.01572336607666358
SI_1f1ec6af-193f-4969-9185-dc5dd587239d,view_090,640,jpeg_35,0.04374012258745326
SI_1f1ec6af-193f-4969-9185-dc5dd587239d,view_180,640,jpeg_35,0.014522874059397332
SI_1f1ec6af-193f-4969-9185-dc5dd587239d,view_270,640,jpeg_35,0.05167880421549986
SI_451bcb49-01f9-4030-9d89-6f976b64572b,view_000,640,jpeg_35,0.047111982221879276
SI_451bcb49-01f9-4030-9d89-6f976b64572b,view_090,640,jpeg_35,0.02864294438045676
SI_451bcb49-01f9-4030-9d89-6f976b64572b,view_180,640,jpeg_35,0.018511343730360855
SI_451bcb49-01f9-4030-9d89-6f976b64572b,view_270,640,jpeg_35,0.017888397471236425
SI_b1a04b98-c12f-4123-8093-af32c20ce5f3,view_000,640,jpeg_35,0.05616532859615969
SI_b1a04b98-c12f-4123-8093-af32c20ce5f3,view_090,640,jpeg_35,0.019133946763183463
SI_b1a04b98-c12f-4123-8093-af32c20ce5f3,view_180,640,jpeg_35,0.03334349376394988
SI_b1a04b98-c12f-4123-8093-af32c20ce5f3,view_270,640,jpeg_35,0.025366959924179137
SI_fc2bca6b-1f44-4d2c-a1b9-713a33ee0596,view_000,640,jpeg_35,0.023830212687929134
SI_fc2bca6b-1f44-4d2c-a1b9-713a33ee0596,view_090,640,jpeg_35,0.014331654564826917
SI_fc2bca6b-1f44-4d2c-a1b9-713a33ee0596,view_180,640,jpeg_35,0.011256688452728604
SI_fc2bca6b-1f44-4d2c-a1b9-713a33ee0596,view_270,640,jpeg_35,0.010327606465931895
SI_1f1ec6af-193f-4969-9185-dc5dd587239d,view_000,640,occlusion_15,0.06762202567478312
SI_1f1ec6af-193f-4969-9185-dc5dd587239d,view_090,640,occlusion_15,0.07637561214511313
SI_1f1ec6af-193f-4969-9185-dc5dd587239d,view_180,640,occlusion_15,0.036618806021090966
SI_1f1ec6af-193f-4969-9185-dc5dd587239d,view_270,640,occlusion_15,0.07807549177177373
SI_451bcb49-01f9-4030-9d89-6f976b64572b,view_000,640,occlusion_15,0.05880193166061612
SI_451bcb49-01f9-4030-9d89-6f976b64572b,view_090,640,occlusion_15,0.04834154669505949
SI_451bcb49-01f9-4030-9d89-6f976b64572b,view_180,640,occlusion_15,0.0619023487049202
SI_451bcb49-01f9-4030-9d89-6f976b64572b,view_270,640,occlusion_15,0.06124134452554518
SI_b1a04b98-c12f-4123-8093-af32c20ce5f3,view_000,640,occlusion_15,0.03984963392431674
SI_b1a04b98-c12f-4123-8093-af32c20ce5f3,view_090,640,occlusion_15,0.10802821089090434
SI_b1a04b98-c12f-4123-8093-af32c20ce5f3,view_180,640,occlusion_15,0.04028696570669081
SI_b1a04b98-c12f-4123-8093-af32c20ce5f3,view_270,640,occlusion_15,0.1116151022353094
SI_fc2bca6b-1f44-4d2c-a1b9-713a33ee0596,view_000,640,occlusion_15,0.05417019760056624
SI_fc2bca6b-1f44-4d2c-a1b9-713a33ee0596,view_090,640,occlusion_15,0.049645740017933745
SI_fc2bca6b-1f44-4d2c-a1b9-713a33ee0596,view_180,640,occlusion_15,0.04741322005100222
SI_fc2bca6b-1f44-4d2c-a1b9-713a33ee0596,view_270,640,occlusion_15,0.04830802165195241
SI_1f1ec6af-193f-4969-9185-dc5dd587239d,view_000,640,occlusion_30,0.049469988470099535
SI_1f1ec6af-193f-4969-9185-dc5dd587239d,view_090,640,occlusion_30,0.08811900172269549
SI_1f1ec6af-193f-4969-9185-dc5dd587239d,view_180,640,occlusion_30,0.037397577273241264
SI_1f1ec6af-193f-4969-9185-dc5dd587239d,view_270,640,occlusion_30,0.08469170231507771
SI_451bcb49-01f9-4030-9d89-6f976b64572b,view_000,640,occlusion_30,0.06566409730181247
SI_451bcb49-01f9-4030-9d89-6f976b64572b,view_090,640,occlusion_30,0.05463253961532924
SI_451bcb49-01f9-4030-9d89-6f976b64572b,view_180,640,occlusion_30,0.06384390423763896
SI_451bcb49-01f9-4030-9d89-6f976b64572b,view_270,640,occlusion_30,0.06344433706970429
SI_b1a04b98-c12f-4123-8093-af32c20ce5f3,view_000,640,occlusion_30,0.048249958423240584
SI_b1a04b98-c12f-4123-8093-af32c20ce5f3,view_090,640,occlusion_30,0.08289655646754482
SI_b1a04b98-c12f-4123-8093-af32c20ce5f3,view_180,640,occlusion_30,0.05108557525222346
SI_b1a04b98-c12f-4123-8093-af32c20ce5f3,view_270,640,occlusion_30,0.08385213883493148
SI_fc2bca6b-1f44-4d2c-a1b9-713a33ee0596,view_000,640,occlusion_30,0.04882907731392744
SI_fc2bca6b-1f44-4d2c-a1b9-713a33ee0596,view_090,640,occlusion_30,0.04857647609693098
SI_fc2bca6b-1f44-4d2c-a1b9-713a33ee0596,view_180,640,occlusion_30,0.04438144727988753
SI_fc2bca6b-1f44-4d2c-a1b9-713a33ee0596,view_270,640,occlusion_30,0.04816822133480658
